date,temperature_2m,relative_humidity_2m,dew_point_2m,apparent_temperature,precipitation,et0_fao_evapotranspiration,wind_speed_100m,wind_direction_100m,time
2020-01-04,41.9603,92.626236,39.9803,37.764164,0.0,0.0,6.219504,142.3057,11:00:00
2020-01-05,43.9403,88.90346,40.8803,40.11457,0.0,0.0,9.71229,298.92633,10:00:00
2020-01-06,46.0103,85.67709,41.9603,42.985954,0.0,0.0,6.579214,287.81897,10:00:00
2020-01-07,42.3203,64.39721,31.1603,36.644592,0.0,0.000484264,6.8035703,207.40749,10:00:00
2020-01-12,41.9603,89.12301,38.9903,37.67621,0.0,0.0,0.4474,180.0,10:00:00
2020-01-17,36.5603,93.450264,34.8503,31.059624,0.0,0.0,8.948,126.86999,10:00:00
2020-01-23,47.7203,84.89619,43.4003,44.73124,0.0,0.0,4.3203645,201.25058,10:00:00
2020-01-24,46.3703,97.978874,45.8303,43.79349,0.0,0.0,5.922771,349.11453,10:00:00
2020-01-27,46.1003,90.23928,43.4003,42.679665,0.0,0.0,1.6131237,146.3099,10:00:00
2020-01-29,45.8303,94.678024,44.3903,42.772255,0.0,0.0,7.9657307,308.15726,10:00:00
2020-02-01,48.9803,91.59318,46.640297,46.77564,0.0,0.0,3.2028966,192.09474,10:00:00
2020-02-03,38.8103,82.23916,33.8603,32.862114,0.0,0.000112038,9.71229,308.45374,10:00:00
2020-02-06,43.5803,61.583576,31.2503,37.750317,0.0,0.000680961,5.7730203,215.53777,10:00:00
2020-02-07,44.4803,78.95516,38.3603,39.643204,0.0,0.000180754,6.4873004,180.0,10:00:00
2020-02-07,58.610302,72.236336,49.7003,57.357803,0.0,0.012385822,6.4563713,284.03625,21:00:00
2020-02-08,48.1703,79.53513,42.1403,45.07538,0.0,0.0,2.8472362,135.0001,10:00:00
2020-02-09,41.8703,88.494446,38.7203,36.130367,0.0,3.54e-06,14.552541,315.0001,10:00:00
2020-02-10,43.1303,57.179073,29.0003,35.78287,0.0,0.001440269,13.6456995,360.0,09:00:00
2020-02-10,62.3003,31.20304,31.4303,56.63054,0.0,0.014928443,7.765322,318.50363,20:00:00
2020-02-11,48.3503,61.120903,35.5703,43.555374,0.0,0.000572467,6.9383073,290.77234,10:00:00
2020-02-12,48.6203,55.718536,33.5003,43.032238,0.0,0.001063732,5.101145,217.87505,10:00:00
2020-02-13,43.9403,78.91001,37.8203,38.333748,0.0,0.000373598,12.752862,142.12495,10:00:00
2020-02-15,48.8003,83.517426,44.0303,46.563877,0.0,0.0,1.6285605,105.945465,09:00:00
2020-02-19,48.8003,49.644123,30.8003,43.510677,0.0,0.00071518,2.829606,108.43504,10:00:00
2020-02-19,58.7903,55.810608,43.0403,57.485813,0.0,0.014458396,3.9576569,312.70938,21:00:00
2020-02-20,50.2403,56.962345,35.5703,46.058956,0.0,0.000248899,1.0004169,153.43501,09:00:00
2020-02-23,49.520298,81.58374,44.1203,47.813385,0.0,0.0,3.0012505,296.56497,10:00:00
2020-02-24,48.4403,87.901146,45.0203,46.10262,0.0,0.0,3.3028908,241.69934,10:00:00
2020-02-25,47.5403,71.32229,38.7203,42.41311,0.0,0.00065249,10.187565,278.84174,10:00:00
2020-02-26,48.9803,63.19308,37.0103,44.37648,0.0,0.000556937,2.5505724,217.87505,09:00:00
2020-02-26,46.640297,66.82326,36.2003,41.417015,0.0,0.000652236,5.1060476,208.8107,11:00:00
2020-02-27,57.3503,50.780933,39.2603,53.64907,0.0,0.000686194,3.5014586,153.43501,10:00:00
2020-02-27,73.91029,28.162125,38.9003,71.43117,0.0,0.0168676,3.9067528,283.24054,22:00:00
2020-03-01,47.5403,74.91158,39.9803,43.587925,0.0,0.000126514,6.5830164,260.21765,10:00:00
2020-03-02,45.3803,37.459846,20.9003,36.95111,0.0,0.002561515,15.4498825,357.5105,09:00:00
2020-03-03,52.4003,58.701748,38.3603,48.07015,0.0,0.000751139,7.7265606,247.8905,09:00:00
2020-03-03,53.570297,49.846245,35.3003,48.970665,0.0,0.000817539,7.02076,239.34941,11:00:00
2020-03-04,51.320297,66.913155,40.700302,47.261177,0.0,0.000567257,5.5022926,153.43501,10:00:00
2020-03-05,51.860302,88.96471,48.7103,49.034523,0.0,0.0,11.364753,143.8067,10:00:00
2020-03-10,53.0303,69.473564,43.310303,51.00637,0.0,0.0,5.5924997,253.73972,10:00:00
2020-03-12,51.770298,84.28267,47.1803,49.925137,0.0,0.0,3.2028966,192.09474,10:00:00
2020-03-20,44.1203,86.76897,40.430298,40.466873,0.0,0.0,4.7453933,135.0001,10:00:00
2020-03-21,47.5403,86.65673,43.7603,44.597687,0.0,0.0,2.9081001,202.6199,10:00:00
2020-03-22,48.6203,86.71596,44.8403,46.365032,0.0,0.0,0.7074015,161.56496,10:00:00
2020-03-23,51.140297,87.7384,47.630302,47.91225,0.0,0.0,7.105777,151.8215,09:00:00
2020-03-26,41.7803,83.33507,37.1003,36.789215,0.0,0.0,3.2028966,192.09474,10:00:00
2020-03-27,46.7303,73.530205,38.7203,42.892273,0.0,0.0,2.237,270.0,10:00:00
2020-03-31,50.6903,90.1209,47.9003,49.37886,0.0,0.0,0.4474,360.0,10:00:00
2020-04-01,59.4203,43.171577,37.0103,55.587837,0.0,0.01827537,12.230069,309.8055,21:00:00
2020-04-02,48.6203,69.95169,39.2603,45.59103,0.0,0.0,3.421952,281.3099,10:00:00
2020-04-03,48.2603,77.097786,41.4203,45.686382,0.0,0.0,4.4063787,293.9625,09:00:00
2020-04-06,43.4003,92.35028,41.3303,39.67263,0.0,0.0,4.3203645,158.74942,10:00:00
2020-04-07,37.7303,88.925735,34.7603,33.00976,0.0,0.0,4.787389,142.59457,10:00:00
2020-04-14,54.020298,67.23264,43.4003,51.154842,0.0,0.00021182,3.8616607,190.00792,09:00:00
2020-04-14,53.750298,61.62364,40.8803,50.67853,0.0,9.11e-05,4.474,270.0,11:00:00
2020-04-15,51.860302,64.233444,40.1603,46.754265,0.0,0.001209999,7.024322,142.76509,09:00:00
2020-04-15,51.590298,61.33756,38.7203,46.126827,0.0,0.001387986,8.385021,136.08084,10:00:00
2020-04-16,52.0403,88.97291,48.890297,51.286278,0.0,0.0,2.916691,85.60138,10:00:00
2020-04-19,53.0303,75.69058,45.5603,51.33002,0.0,0.0,2.1222045,71.564964,09:00:00
2020-04-22,49.520298,87.35827,45.9203,46.667294,0.0,0.0,2.7670162,165.96373,10:00:00
2020-04-23,56.090298,96.47295,55.1003,57.16825,0.0,0.0,1.360714,350.53775,10:00:00
2020-04-24,57.4403,67.4023,46.7303,55.507137,0.0,0.000146362,4.8186455,248.19853,09:00:00
2020-04-24,54.6503,71.58291,45.6503,52.10565,0.0,0.000218753,6.7444715,275.7105,11:00:00
2020-04-25,58.7003,69.160736,48.6203,56.771297,0.0,0.000443627,3.8094738,176.6336,09:00:00
2020-04-25,57.0803,68.51381,46.820297,54.43246,0.0,0.000598473,1.5006253,153.43501,11:00:00
2020-04-26,57.9803,81.6481,52.4003,58.170776,0.0,0.0,1.9243401,125.537766,10:00:00
2020-04-27,56.4503,48.887634,37.4603,53.36656,0.0,0.0,0.9223387,284.03625,10:00:00
2020-04-28,56.1803,88.28027,52.7603,56.365658,0.0,0.0,1.414803,198.43504,10:00:00
2020-04-30,55.4603,85.93244,51.320297,55.496655,0.0,0.0,0.2237,360.0,09:00:00
2020-05-01,53.1203,53.45496,36.6503,49.036995,0.0,0.000444615,4.0821414,350.53775,10:00:00
2020-05-01,76.0703,21.4726,33.8603,70.22902,0.0,0.026332127,15.698895,327.21573,22:00:00
2020-05-02,56.810303,85.72485,52.5803,55.563385,0.003937008,0.0,6.2154794,329.74365,10:00:00
2020-05-03,57.4403,70.67253,47.9903,54.508675,0.0,0.000840729,8.8580675,315.0001,10:00:00
2020-05-04,50.1503,64.69661,38.7203,46.17351,0.0,0.000330558,3.0095758,138.01286,10:00:00
2020-05-05,56.810303,51.236343,38.9903,53.64219,0.0,2.47e-05,0.50020844,243.43501,09:00:00
2020-05-07,58.340298,45.834717,37.5503,54.057373,0.0,0.001136663,7.651717,232.12495,10:00:00
2020-05-08,59.8703,47.885952,40.0703,56.379543,0.0,0.000757794,5.3172884,165.37909,10:00:00
2020-05-09,58.0703,68.6257,47.810303,56.62496,0.0,0.0,2.3779638,48.814175,10:00:00
2020-05-13,52.2203,87.79275,48.7103,50.78329,0.0,0.0,2.6937048,131.63345,10:00:00
2020-05-14,53.390297,90.2313,50.6003,52.721535,0.0,0.0,1.9112936,69.44387,10:00:00
2020-05-19,51.320297,89.843765,48.4403,49.85932,0.0,0.0,0.9223387,104.03627,10:00:00
2020-05-21,51.770298,93.86611,50.060303,50.531708,0.0,0.0,3.0012505,116.56499,09:00:00
2020-05-23,53.750298,74.47883,45.8303,51.3148,0.0,8.45e-05,3.11578,158.96242,10:00:00
2020-05-24,57.2603,52.945812,40.250298,53.303635,0.0,0.00106012,5.2223296,136.73567,10:00:00
2020-05-25,68.1503,34.73098,39.2603,64.91906,0.0,0.000601475,3.2028964,155.22488,10:00:00
2020-05-26,67.4303,52.988335,49.7003,66.35358,0.0,0.000613414,0.7074015,108.43504,09:00:00
2020-05-27,71.4803,51.49259,52.6703,71.13162,0.0,0.000916638,1.9112936,69.44387,09:00:00
2020-05-28,65.3603,51.627827,47.090298,63.782623,0.0,0.000372795,1.2046614,68.19853,10:00:00
2020-05-28,84.1703,34.545513,53.2103,84.11196,0.0,0.02808956,12.821347,353.9911,22:00:00
2020-05-29,60.8603,73.919785,52.4903,59.757942,0.0021497950897585725,0.000458608,8.770067,142.25313,10:00:00
2020-05-30,61.760296,69.96106,51.860302,59.76501,0.003937008,0.001068543,8.191819,145.0079,10:00:00
2020-06-02,60.6803,69.61144,50.6903,58.60664,0.0,0.00090701,7.063396,169.04597,10:00:00
2020-06-03,68.060295,53.793015,50.6903,67.54732,0.0,0.000256038,3.8291273,186.70975,10:00:00
2020-06-04,65.0903,57.656292,49.7903,64.201965,0.0,0.000272046,2.0008337,63.435013,10:00:00
2020-06-05,60.0503,74.08686,51.770298,56.85092,0.0,0.001312589,14.588602,144.3601,10:00:00
2020-06-07,54.110302,75.02197,46.3703,49.14287,0.0,0.00116437,16.441568,303.9063,11:00:00
2020-06-08,52.4003,77.19852,45.4703,50.08708,0.0,0.0,3.8225873,249.44386,10:00:00
2020-06-09,57.4403,47.507977,37.6403,53.383873,0.0,0.000831239,4.0821414,170.53775,10:00:00
2020-06-10,61.9403,68.37299,51.4103,61.82915,0.0,0.0,1.9112936,159.44388,10:00:00
2020-06-11,63.4703,71.07457,53.9303,64.0604,0.0,0.0,1.360714,170.53775,09:00:00
2020-06-15,58.5203,76.95663,51.320297,57.796227,0.0,0.0,2.1222045,161.56496,10:00:00
2020-06-16,56.000298,75.19995,48.2603,54.362816,0.0,0.0,5.217536,300.96368,10:00:00
2020-06-17,56.5403,70.09911,46.9103,55.12588,0.0,0.0,3.9828653,231.84273,09:00:00
2020-06-18,63.4703,38.7571,37.9103,58.35228,0.0,0.002670585,7.409166,118.88649,10:00:00
2020-06-19,65.810295,50.14209,46.7303,64.15079,0.0,0.000399466,3.9131517,120.963684,10:00:00
2020-06-20,59.7803,77.066574,52.5803,59.764202,0.0,0.0,2.2031894,113.962494,10:00:00
2020-06-21,61.310295,77.96334,54.380302,61.664192,0.0,0.0,3.407297,156.80138,10:00:00
2020-06-22,60.500298,80.49808,54.4703,61.233665,0.0,0.0,3.607054,119.74479,09:00:00
2020-06-23,83.630295,39.038643,56.090298,86.11574,0.0,0.028630242,9.564319,349.21573,20:00:00
2020-06-24,62.390297,78.053566,55.4603,63.650623,0.0,0.0,2.608768,120.96369,10:00:00
2020-06-25,62.9303,77.844345,55.9103,63.62193,0.0,0.0,6.109918,113.749504,10:00:00
2020-06-26,62.9303,68.9388,52.5803,61.512016,0.0,0.000939003,9.660629,137.81563,10:00:00
2020-06-26,83.2703,40.667473,56.9003,85.31032,0.0,0.028597537,11.515661,352.18478,21:00:00
2020-06-27,64.5503,79.25082,57.9803,67.08119,0.0,0.0,2.5010421,100.30479,09:00:00
2020-06-29,55.3703,77.9809,48.6203,52.222427,0.0,0.000584833,11.13343,157.5572,10:00:00
2020-06-30,63.9203,43.734474,41.4203,60.607235,0.0,0.001090062,5.4152036,128.2902,10:00:00
2020-07-01,59.2403,73.762505,50.8703,57.18692,0.0,0.000681371,8.815597,144.29323,10:00:00
2020-07-01,85.5203,23.46892,44.0303,88.01726,0.0,0.028819444,3.1635957,44.999897,21:00:00
2020-07-02,57.6203,79.218605,51.2303,53.90795,0.0,0.000984322,15.107619,152.6762,10:00:00
2020-07-03,57.710304,79.489685,51.4103,55.537434,0.0,0.000474196,10.106191,152.30061,09:00:00
2020-07-03,56.630302,81.27958,50.9603,54.600044,0.0,0.000267463,8.87218,146.3099,11:00:00
2020-07-04,61.310295,55.78629,45.3803,59.726093,0.0,0.0,1.4323789,51.34017,10:00:00
2020-07-05,64.3703,47.916084,44.2103,61.661934,0.0,0.00098539,2.4708471,185.19434,10:00:00
2020-07-05,86.600296,18.92984,39.3503,81.572845,0.0,0.0324607,17.095129,317.1211,22:00:00
2020-07-06,59.8703,59.114082,45.5603,57.8645,0.0,0.000189454,2.237,233.13002,10:00:00
2020-07-06,78.41029,30.69559,45.0203,75.65435,0.0,0.028681807,15.480621,307.36673,21:00:00
2020-07-07,55.3703,77.19709,48.3503,54.36644,0.0,0.0,2.062412,257.4712,10:00:00
2020-07-08,59.8703,78.09965,53.0303,60.240807,0.0,0.0,0.9223387,75.96373,09:00:00
2020-07-09,59.3303,69.463295,49.340298,58.663784,0.0,0.0,3.8291273,96.70974,11:00:00
2020-07-11,63.2903,56.638042,47.630302,61.99918,0.0,7.29e-05,1.5817978,44.999897,10:00:00
2020-07-12,62.1203,62.917137,49.340298,61.012306,0.0,0.000202462,2.9845302,12.99463,10:00:00
2020-07-15,61.0403,74.18199,52.7603,58.807434,0.0,0.001052257,12.319758,150.64235,10:00:00
2020-07-16,61.6703,69.719475,51.6803,60.607185,0.0,0.000470917,6.5792146,144.6887,10:00:00
2020-07-17,62.3003,75.284874,54.380302,62.61514,0.0,0.0,4.2737823,132.87889,10:00:00
2020-07-18,63.2003,71.28053,53.750298,61.362976,0.0,0.001261744,12.108763,154.85526,10:00:00
2020-07-19,61.6703,76.72494,54.2903,62.503426,0.0,0.0,0.9223387,75.96373,09:00:00
2020-07-24,62.5703,77.56044,55.4603,63.54118,0.0,0.0,3.0095758,138.01286,09:00:00
2020-07-25,57.6203,83.53588,52.6703,56.95139,0.0,0.0,5.956472,145.71307,11:00:00
2020-07-26,61.130302,69.89281,51.2303,60.79708,0.0,0.0,3.257121,164.05453,10:00:00
2020-07-27,56.5403,95.22691,55.1903,57.42121,0.0,0.0,1.7036484,336.8014,10:00:00
2020-07-28,58.4303,86.9513,54.560303,58.42276,0.0,0.0,5.659212,341.56494,10:00:00
2020-07-29,56.5403,96.16516,55.4603,56.79852,0.0,0.0,4.0328093,326.3099,09:00:00
2020-08-01,59.6903,77.314095,52.5803,59.912315,0.0,0.0,1.7471529,129.80553,10:00:00
2020-08-02,58.4303,80.87442,52.5803,58.222878,0.0,0.0,2.2813013,11.3098955,10:00:00
2020-08-03,63.560295,59.211903,49.070297,62.65833,0.0,2.31e-05,1.4323789,218.65984,10:00:00
2020-08-04,60.7703,84.28732,56.000298,61.92725,0.0,0.0,0.7074015,341.56494,11:00:00
2020-08-07,61.0403,71.05458,51.590298,60.57066,0.0,0.0,0.7074015,108.43504,10:00:00
2020-08-08,64.7303,67.121666,53.570297,65.14985,0.0,0.0,2.6937048,131.63345,10:00:00
2020-08-08,86.600296,33.030544,54.110302,86.78155,0.0,0.029747324,13.068753,353.11835,21:00:00
2020-08-12,58.5203,93.73327,56.7203,60.09442,0.0,0.0,1.7036484,23.198618,10:00:00
2020-08-13,64.100296,67.93981,53.3003,64.48799,0.0,0.0,2.0256896,173.6599,10:00:00
2020-08-14,74.7203,44.96436,51.9503,73.66423,0.0,0.001919356,2.8647578,321.34018,09:00:00
2020-08-15,74.0903,51.70323,55.1903,75.09184,0.0,0.000223373,0.9223387,165.96373,11:00:00
2020-08-16,97.2203,25.742271,56.360302,100.93812,0.0,0.029051933,5.2795095,323.61554,20:00:00
2020-08-16,103.1603,21.172956,55.9103,102.57221,0.0,0.03460664,14.428216,330.25522,22:00:00
2020-08-17,73.5503,49.465843,53.4803,72.866905,0.0,0.001803908,6.010832,224.9999,10:00:00
2020-08-17,94.0703,26.130896,54.110302,94.758194,0.0,0.03118413,11.184999,306.86996,21:00:00
2020-08-18,67.3403,73.345375,58.5203,69.692696,0.0,0.0,0.4474,360.0,10:00:00
2020-08-18,96.7703,22.514822,52.310303,96.060455,0.0,0.03288794,12.689923,319.28925,21:00:00
2020-08-19,74.4503,28.04824,39.2603,71.264595,0.0,0.000730963,2.942314,261.2539,10:00:00
2020-08-19,72.560295,30.952711,40.1603,69.38901,0.0,0.000973979,3.0426488,252.89719,11:00:00
2020-08-19,93.08031,17.808636,43.0403,89.31319,0.0,0.033144284,14.9544735,325.35898,21:00:00
2020-08-20,69.1403,47.83096,48.5303,68.2746,0.0,3.05e-05,1.2046614,291.80148,09:00:00
2020-08-20,65.3603,61.87264,51.9503,64.2793,0.0,0.000934943,5.8547893,316.5481,11:00:00
2020-08-20,84.44029,30.285448,49.880302,84.45292,0.0,0.028330458,10.341136,321.1466,20:00:00
2020-08-20,86.8703,27.097864,48.9803,83.51222,0.0,0.029972414,17.226353,322.38596,22:00:00
2020-08-21,63.2003,86.9192,59.2403,65.74939,0.0,0.0,1.803527,330.25522,09:00:00
2020-08-21,62.5703,88.295975,59.060303,65.30295,0.0,0.0,0.8065618,326.3099,10:00:00
2020-08-21,84.2603,41.75251,58.5203,86.320114,0.0,0.027701499,12.342079,316.46872,20:00:00
2020-08-21,85.9703,42.827076,60.7703,86.79524,0.0,0.027416527,16.627697,317.72638,22:00:00
2020-08-22,65.0903,82.67789,59.6903,67.34131,0.0,0.0,2.3354967,343.3007,10:00:00
2020-08-22,85.0703,38.007988,56.630302,86.45045,0.0,0.026551366,10.823474,341.93942,20:00:00
2020-08-22,87.41029,34.480488,56.000298,86.060715,0.0,0.027229965,16.285606,344.05453,22:00:00
2020-08-23,64.280304,71.39258,54.8303,64.85506,0.0,0.0,1.0004169,63.435013,10:00:00
2020-08-23,93.2603,27.960392,55.2803,94.329285,0.0,0.029744914,9.83517,342.80136,21:00:00
2020-08-24,65.6303,83.24494,60.410297,67.42885,0.0,5.51e-05,3.6689527,307.56866,10:00:00
2020-08-24,89.390305,41.471294,62.9303,89.30162,0.0,0.029292202,21.293842,340.99393,21:00:00
2020-08-25,69.9503,74.0676,61.310295,72.99614,0.0,0.0,3.1635957,171.86998,09:00:00
2020-08-25,67.6103,79.99882,61.2203,70.75402,0.0,0.0,3.9576569,137.29063,11:00:00
2020-08-25,84.350296,45.68727,61.130302,86.03317,0.0,0.025203675,13.129875,351.1797,21:00:00
2020-08-26,65.2703,81.89837,59.6003,67.82045,0.0,0.0,0.2237,90.0,09:00:00
2020-08-26,64.5503,84.249054,59.6903,66.08639,0.0,0.0,3.607054,330.25522,11:00:00
2020-08-26,78.9503,39.341904,52.130302,78.5154,0.0,0.025408229,12.374473,347.4712,20:00:00
2020-08-26,80.3003,36.41029,51.2303,77.54703,0.0,0.025588067,16.765564,341.3232,22:00:00
2020-08-27,58.250298,86.089615,54.110302,57.65858,0.0,0.0,4.3950076,345.25638,10:00:00
2020-08-27,76.2503,43.29891,52.310303,77.7277,0.0,0.024390375,7.6582546,353.29025,20:00:00
2020-08-27,81.0203,35.802288,51.4103,79.07198,0.0,0.025873207,14.14803,341.56494,22:00:00
2020-08-28,57.6203,93.404465,55.7303,58.639393,0.0,0.0,2.237,143.13002,10:00:00
2020-08-28,82.280304,38.323593,54.380302,82.719696,0.0,0.026910122,12.046613,344.93146,21:00:00
2020-08-29,61.310295,82.15275,55.820297,62.826054,0.0,0.0,2.062412,130.60121,10:00:00
2020-08-29,84.350296,34.916744,53.6603,84.26246,0.0,0.027960718,12.0258255,350.36252,21:00:00
2020-08-30,59.960304,90.78628,57.2603,61.517376,0.0,0.0,1.360714,279.46225,09:00:00
2020-08-30,59.960304,89.03593,56.7203,61.790985,0.0,0.0,1.803527,150.2552,11:00:00
2020-08-30,81.0203,40.319992,54.6503,81.16589,0.0,0.026377428,12.725366,349.8754,21:00:00
2020-08-31,57.710304,90.404175,54.9203,58.884106,0.0,0.0,1.9243401,125.537766,09:00:00
2020-08-31,59.6003,84.76763,55.0103,60.104362,0.0,0.0,0.7074015,71.564964,11:00:00
2020-08-31,77.8703,42.556248,53.3003,76.31046,0.0,0.024586633,15.246103,337.5741,20:00:00
2020-08-31,81.6503,35.42725,51.6803,80.556854,0.0,0.025096362,11.7095785,353.41815,22:00:00
2020-09-01,58.7003,81.969734,53.2103,59.483635,0.0,0.0,2.802953,118.61037,10:00:00
2020-09-01,81.0203,37.2559,52.4903,79.05649,0.0,0.024791157,14.75742,345.9637,22:00:00
2020-09-02,74.5403,49.939087,54.6503,75.35142,0.0,0.022478318,10.841952,338.19852,21:00:00
2020-09-03,73.100296,50.220215,53.4803,72.43737,0.0,0.0220164,13.818795,330.9455,21:00:00
2020-09-04,57.1703,86.5987,53.2103,56.812214,0.0,0.0,4.5240526,351.4693,10:00:00
2020-09-04,77.1503,38.54174,49.9703,75.84849,0.0,0.02407503,12.819396,330.75128,21:00:00
2020-09-05,61.8503,64.161545,49.610302,61.578827,0.0,0.0,2.0256896,6.3401003,09:00:00
2020-09-06,100.100296,21.172407,53.390297,101.81396,0.0,0.029405572,6.959911,315.0001,20:00:00
2020-09-06,105.2303,18.225075,53.4803,104.14442,0.0,0.031647295,12.125282,322.4958,22:00:00
2020-09-07,76.3403,33.7807,45.7403,73.943665,0.0,0.001865507,5.110945,203.19861,10:00:00
2020-09-07,104.69031,15.059478,47.9003,103.39002,0.0,0.03284484,10.026651,308.65982,20:00:00
2020-09-08,69.5003,49.353786,49.7003,68.931625,0.0,4.72e-05,1.2654383,135.0001,10:00:00
2020-09-12,56.360302,97.10928,55.5503,56.73011,0.0,0.0,4.52958,302.90524,10:00:00
2020-09-13,56.360302,98.70601,56.000298,56.409184,0.0,0.0,4.7189565,328.5705,10:00:00
2020-09-19,62.660297,87.171196,58.7903,63.65015,0.0,0.0,6.818264,318.991,10:00:00
2020-09-20,62.750298,74.34514,54.4703,61.879242,0.0,0.000685122,7.1338906,138.81418,10:00:00
2020-09-21,68.1503,60.020184,53.750298,68.3692,0.0,0.000340328,3.0095758,41.98713,09:00:00
2020-09-23,63.0203,71.02746,53.4803,63.501972,0.0,0.0,1.360714,170.53775,10:00:00
2020-09-24,64.280304,90.947525,61.5803,67.04035,0.0,0.0,4.297137,321.34018,10:00:00
2020-09-25,64.100296,56.369923,48.2603,62.773922,0.0,0.00031105,3.9131517,329.03632,10:00:00
2020-09-26,60.7703,68.92811,50.5103,59.66012,0.0,0.000281888,1.6131237,213.6901,09:00:00
2020-09-27,61.9403,75.74774,54.2003,61.726063,0.0,0.00020738,6.843904,258.6901,11:00:00
2020-09-28,74.0003,34.93765,44.5703,71.395744,0.0,0.001626876,3.4943058,230.19447,10:00:00
2020-09-29,60.500298,94.08732,58.7903,61.990536,0.0,0.0,2.9166913,237.52882,10:00:00
2020-09-30,56.5403,98.70704,56.1803,56.99894,0.0,0.0,5.217536,300.96368,10:00:00
2020-10-01,70.310295,44.133804,47.4503,67.82231,0.0,0.002040795,5.0270324,147.72438,09:00:00
2020-10-02,74.0003,32.390175,42.5903,71.67731,0.0,0.000306874,2.6937048,175.23645,11:00:00
2020-10-03,68.240295,43.960575,45.4703,65.83733,0.0,0.001195678,4.343468,168.11136,10:00:00
2020-10-04,65.1803,47.549603,44.750298,63.11243,0.0,0.000344048,1.6285605,195.94547,10:00:00
2020-10-05,57.4403,98.39231,56.9903,58.1847,0.0,0.0,1.803527,330.25522,10:00:00
2020-10-06,56.360302,99.67511,56.270298,56.35176,0.0,0.0,4.8393707,326.3099,10:00:00
2020-10-10,57.6203,91.29272,55.1003,57.61773,0.0,0.0,2.7029774,155.55606,10:00:00
2020-10-11,60.590298,85.10419,56.090298,60.504818,0.0,2.09e-05,6.8035703,297.4075,10:00:00
2020-10-12,59.1503,55.861942,43.4003,55.880558,0.0,0.0009857,5.4105806,209.7448,09:00:00
2020-10-13,64.7303,41.49124,40.7903,61.35583,0.0,0.001081864,4.6709933,196.69933,11:00:00
2020-10-14,62.3003,71.422195,52.9403,61.670467,0.0,0.000383596,6.8035703,242.5925,10:00:00
2020-10-15,68.060295,36.587498,40.5203,63.855415,0.0,0.00247231,6.843904,281.3099,10:00:00
2020-10-16,72.2003,25.339968,34.7603,67.965454,0.0,0.001230489,6.002501,243.43501,10:00:00
2020-10-17,68.4203,30.73346,36.3803,63.62447,0.0,0.002458868,1.1406506,168.69011,09:00:00
2020-10-18,69.5003,31.234077,37.7303,65.91579,0.0,0.000802595,6.3350954,137.86247,11:00:00
2020-10-19,62.840298,65.14645,50.9603,61.875057,0.0,0.000421068,6.5334187,128.04709,10:00:00
2020-10-20,57.5303,99.03302,57.2603,58.74189,0.0,0.0,2.5505724,307.87503,10:00:00
2020-10-21,64.6403,48.78563,44.930298,62.464302,0.0,0.000509609,3.1635957,188.13002,10:00:00
2020-10-22,64.1903,58.900433,49.520298,63.692184,0.0,0.0,3.6415722,169.3804,10:00:00
2020-10-24,56.1803,98.70501,55.820297,56.896183,0.0,0.0,3.613984,111.801476,10:00:00
2020-10-26,54.6503,14.515233,7.1303005,44.032837,0.0,0.005727456,20.620481,15.091635,10:00:00
2020-10-27,55.5503,36.519325,29.3603,49.392796,0.0,0.00202441,8.385021,260.78903,10:00:00
2020-10-28,54.2903,35.384285,27.470299,47.616478,0.0,0.002303003,6.818264,138.99101,09:00:00
2020-10-29,56.1803,44.05148,34.5803,51.397606,0.0,0.001118304,4.0266,180.0,11:00:00
2020-10-31,54.380302,75.8153,46.9103,52.883236,0.0,0.0,0.9223387,255.96373,10:00:00
2020-11-01,61.5803,43.516003,39.1703,58.14287,0.0,0.000606976,1.1406506,348.6901,10:00:00
2020-11-02,65.990295,32.94974,36.0203,62.170162,0.0,0.000582795,1.2046614,201.80147,09:00:00
2020-11-03,52.5803,88.9975,49.4303,50.864594,0.0,0.0,2.9845302,77.00539,11:00:00
2020-11-04,50.060303,88.58114,46.820297,47.435154,0.0,0.0,3.1635957,171.86998,10:00:00
2020-11-05,57.2603,84.06704,52.4903,56.50599,0.0,0.0,4.8030424,207.75845,10:00:00
2020-11-06,55.640297,90.62072,52.9403,55.02362,0.0,0.0,7.63535,301.8274,10:00:00
2020-11-10,39.9803,58.21811,26.4803,33.154423,0.0,0.000897395,4.9214,180.0,10:00:00
2020-11-10,61.2203,27.178286,27.1103,54.6763,0.0,0.011114311,5.90585,294.62354,22:00:00
2020-11-11,53.570297,68.58352,43.4903,50.203846,0.0,0.000489846,5.7032533,154.44008,10:00:00
2020-11-12,47.000298,82.53473,41.9603,43.500595,0.0,0.0,4.112674,202.38017,10:00:00
2020-11-13,48.2603,82.055275,43.0403,45.91799,0.0,0.0,1.360714,99.46225,09:00:00
2020-11-15,44.4803,86.78875,40.7903,40.449524,0.0,0.0,3.1077397,210.25635,10:00:00
2020-11-16,49.7903,83.29778,44.930298,46.652615,0.0,0.0,6.9093976,209.0545,10:00:00
2020-11-20,63.9203,33.929268,34.9403,56.528988,0.0,0.0124189,11.600091,309.52258,22:00:00
2020-11-21,46.640297,50.036377,29.0003,41.39192,0.0,0.000411557,6.1058216,241.55717,10:00:00
2020-11-22,49.880302,40.558014,26.8403,43.955185,0.0,0.001089927,4.9264812,219.47243,10:00:00
2020-11-22,60.3203,43.1627,37.8203,54.56556,0.0,0.012097693,8.87218,326.3099,21:00:00
2020-11-23,58.880302,70.352554,49.250298,55.812717,0.0,0.009417797,8.213173,299.35767,21:00:00
2020-11-24,47.810303,79.230606,41.6903,44.423862,0.0,0.0,4.718956,185.44025,09:00:00
2020-11-24,61.760296,46.371487,40.9703,56.743034,0.0,0.011920325,7.8677554,284.8265,20:00:00
2020-11-26,41.1503,92.92596,39.2603,36.222588,0.0,0.0,10.31206,294.34106,10:00:00
2020-11-27,40.9703,56.65404,26.7503,34.705452,0.0,0.000684019,4.966946,215.83774,10:00:00
2020-11-28,49.520298,40.952686,26.7503,44.014626,0.0,0.000609515,2.7306066,214.9921,10:00:00
2020-11-29,48.890297,50.939434,31.5203,44.325523,0.0,0.000108534,2.1222045,198.43504,09:00:00
2020-12-02,47.5403,63.91096,35.9303,42.843483,0.0,0.000452447,5.7032533,205.55992,10:00:00
2020-12-03,50.2403,55.555492,34.9403,45.558517,0.0,0.000609279,5.2031293,205.4633,10:00:00
2020-12-04,51.9503,59.89291,38.4503,48.762184,0.0,0.0,2.0256896,263.6599,09:00:00
2020-12-05,44.930298,64.49729,33.6803,39.968952,0.0,0.000336902,2.4708471,174.80566,11:00:00
2020-12-07,43.6703,82.00881,38.5403,38.18246,0.0,0.000241496,9.347342,291.03757,10:00:00
2020-12-08,53.3003,39.49583,29.2703,48.268757,0.0,0.000522984,7.1618943,271.78986,10:00:00
2020-12-09,48.4403,53.522686,32.3303,42.785378,0.0,0.001058846,6.514242,195.94547,10:00:00
2020-12-10,50.8703,50.875828,33.3203,45.83487,0.0,0.000833162,6.8621593,289.0257,09:00:00
2020-12-14,45.8303,89.6078,42.950302,42.541355,0.0,0.0,8.325127,300.69965,10:00:00
2020-12-18,41.3303,91.31509,38.9903,36.7554,0.0,0.0,9.865652,302.96942,10:00:00
2020-12-20,43.7603,72.96755,35.6603,39.00097,0.0,0.000156567,6.8035703,207.40749,09:00:00
2020-12-21,39.2603,71.709175,30.8903,33.263786,0.0,0.000343991,5.80328,207.55272,11:00:00
2020-12-23,40.430298,60.036175,27.6503,33.464077,0.0,0.000979902,7.3037286,297.3498,10:00:00
2020-12-25,44.8403,69.279305,35.3903,38.89607,0.0,0.000771646,11.811699,142.69597,10:00:00
2020-12-26,52.9403,89.312325,49.880302,49.790092,0.0,2.01e-05,8.503543,144.63745,09:00:00
2020-12-29,45.6503,81.29638,40.250298,42.447258,0.0,0.0,3.2028966,257.90524,10:00:00
2020-12-30,41.4203,57.14183,27.3803,35.669006,0.0,0.000409986,3.1318,180.0,10:00:00
2020-12-30,52.5803,56.491444,37.5503,48.738914,0.0,0.00931285,2.4708471,354.80566,21:00:00
2021-01-09,40.8803,100.0,40.8803,36.56508,0.0,0.0,8.503543,305.36255,10:00:00
2021-01-09,57.0803,48.469105,37.8203,50.654755,0.0,0.010684606,10.321762,299.8988,21:00:00
2021-01-10,41.6003,77.04309,34.9403,35.738007,0.0,0.000349605,9.480236,160.70985,10:00:00
2021-01-14,51.500298,98.0236,50.9603,50.624187,0.0,0.0,7.3583355,250.46326,10:00:00
2021-01-15,52.4903,64.3127,40.7903,49.782913,0.0,0.0,3.2028964,245.22488,10:00:00
2021-01-15,64.6403,57.017418,49.070297,61.82686,0.0,0.011953509,7.2831445,280.6196,21:00:00
2021-01-16,50.8703,70.935455,41.7803,47.37041,0.0,0.000239357,6.7147274,268.09088,09:00:00
2021-01-17,49.7003,75.118484,42.1403,45.71511,0.0,0.000346724,8.770067,275.85593,11:00:00
2021-01-19,52.8503,36.20842,26.7503,42.41464,0.0,0.00495214,23.658325,346.88354,10:00:00
2021-01-19,61.9403,22.728434,23.4203,52.658184,0.0,0.014636312,15.014586,28.474106,21:00:00
2021-01-20,49.070297,35.31269,22.7903,43.194607,0.0,0.000612101,4.8393707,236.3099,10:00:00
2021-01-21,49.7903,39.79634,26.3003,43.76788,0.0,0.00114122,3.9576569,132.70937,09:00:00
2021-01-21,62.5703,26.890453,28.0103,56.205128,0.0,0.013298162,6.154799,19.093594,21:00:00
2021-01-24,37.7303,86.100624,33.9503,31.883142,0.0,0.0,7.5164537,126.528946,10:00:00
2021-01-25,43.4003,74.24315,35.7503,35.18659,0.0,0.001148585,21.40635,304.3544,10:00:00
2021-01-26,42.500298,73.09858,34.4903,38.390034,0.0,0.0,2.5505724,322.12494,10:00:00
2021-02-01,60.9503,56.502087,45.3803,55.51971,0.0,0.012508947,14.15687,174.55975,21:00:00
2021-02-03,48.0803,88.48686,44.8403,46.24682,0.0,0.0,3.613984,338.19852,10:00:00
2021-02-04,44.1203,96.286,43.1303,39.900764,0.0,0.0,10.292631,317.64258,10:00:00
2021-02-05,45.1103,55.60771,30.1703,39.498875,0.0,0.000663399,6.2675934,235.17543,10:00:00
2021-02-06,46.9103,67.09369,36.5603,42.31172,0.0,0.000356126,7.2831445,259.3804,09:00:00
2021-02-10,49.520298,83.851776,44.8403,47.507816,0.0,0.0,1.9112936,110.55613,10:00:00
2021-02-10,58.250298,68.184044,47.810303,55.901573,0.0,0.01226054,7.9089894,331.26028,21:00:00
2021-02-12,56.7203,65.50691,45.2903,50.55249,0.0,0.009340001,14.882357,317.43668,20:00:00
2021-02-13,51.2303,91.36478,48.8003,49.48468,0.007874016,0.0,1.2654383,224.9999,10:00:00
2021-02-16,47.270298,88.14467,43.9403,43.431213,0.0,0.0,10.243897,301.60745,10:00:00
2021-02-21,44.2103,89.22586,41.2403,40.624485,0.0,0.0,7.569527,288.9705,10:00:00
2021-02-22,49.9703,55.5161,34.6703,45.24253,0.0,0.000606585,5.3172884,247.75093,09:00:00
2021-02-24,49.340298,70.031654,39.9803,45.263382,0.0,0.000359521,8.750074,274.39862,10:00:00
2021-02-25,46.0103,40.067127,23.0603,36.127533,0.0,0.003435402,19.95073,342.3776,10:00:00
2021-02-26,48.2603,55.66593,33.1403,43.5943,0.0,0.000327811,1.5659,270.0,10:00:00
2021-02-27,41.7803,91.01214,39.3503,36.85753,0.0,0.0,10.0041685,296.56497,10:00:00
2021-02-27,59.960304,36.313522,33.1403,52.71401,0.0,0.016409913,16.014482,318.96475,21:00:00
2021-02-28,42.4103,86.97973,38.8103,36.930584,0.0,3.01e-05,11.811699,322.69595,11:00:00
2021-03-01,44.1203,63.699696,32.6003,37.32379,0.0,0.00116215,13.470382,144.46223,10:00:00
2021-03-01,67.7003,19.746294,24.8603,60.76424,0.0,0.019342968,12.154139,186.3401,20:00:00
2021-03-02,51.2303,38.43492,26.7503,46.38614,0.0,0.0,1.7036484,246.80138,10:00:00
2021-03-04,43.0403,95.603325,41.8703,39.259956,0.0,0.0,6.3350954,137.86247,10:00:00
2021-03-07,46.2803,87.792145,42.8603,43.455387,0.0,0.0,1.2046614,248.19853,10:00:00
2021-03-08,43.2203,89.49277,40.3403,39.01546,0.0,0.0,1.5817978,171.86998,10:00:00
2021-03-09,43.4903,86.431145,39.7103,39.010235,0.0,0.0,8.71282,131.87779,10:00:00
2021-03-10,45.7403,83.89378,41.1503,41.55872,0.0,0.0,7.703859,154.17906,09:00:00
2021-03-12,40.0703,88.093636,36.8303,34.977177,0.0,0.0,6.6057816,118.30067,10:00:00
2021-03-13,46.1003,82.758644,41.1503,43.432247,0.0,0.0,1.414803,341.56494,10:00:00
2021-03-16,44.3003,71.47932,35.6603,40.41116,0.0,0.0,1.803527,299.74478,09:00:00
2021-03-16,37.7303,83.65646,33.2303,32.035778,0.0,0.0,3.1635957,171.86998,11:00:00
2021-03-17,44.3003,75.39457,37.0103,40.466244,0.0,0.0,2.2031894,113.962494,10:00:00
2021-03-21,46.3703,80.7856,40.7903,43.836395,0.0,0.0,1.6131237,303.6901,09:00:00
2021-03-24,45.3803,65.48763,34.4903,38.74393,0.0,0.001173257,12.430959,329.74365,10:00:00
2021-03-25,47.9003,83.170006,43.0403,44.538063,0.0,0.0,8.914382,287.52567,10:00:00
2021-03-26,48.4403,72.1728,39.8903,45.123062,0.0,0.0,4.0821414,170.53775,09:00:00
2021-03-26,67.16029,34.450634,38.1803,63.487366,0.0,0.021286387,11.600091,309.52258,21:00:00
2021-03-27,43.5803,73.73371,35.7503,38.171013,0.0,0.000394606,6.219504,127.694305,11:00:00
2021-03-28,53.0303,57.561455,38.4503,48.698174,0.0,0.000817542,4.9669466,172.23492,10:00:00
2021-03-29,52.130302,56.227318,37.0103,48.43265,0.0,7.42e-05,1.360714,9.462248,10:00:00
2021-03-30,48.7103,71.19807,39.8003,43.234055,0.0,0.000904557,11.126686,300.17343,10:00:00
2021-03-31,48.8003,50.372814,31.1603,42.397984,0.0,0.001599382,3.0426488,197.10281,10:00:00
2021-04-01,51.860302,58.21396,37.6403,46.955196,0.0,0.001071221,4.474,216.86998,11:00:00
2021-04-02,58.9703,35.631454,31.7903,54.352592,0.0,0.00060935,1.2046614,338.19852,10:00:00
2021-04-04,49.520298,79.64384,43.4903,47.50035,0.0,0.0,4.4120536,329.53452,10:00:00
2021-04-08,47.000298,85.14533,42.7703,44.91124,0.0,0.0,2.0008337,296.56497,10:00:00
2021-04-09,51.0503,61.91664,38.4503,47.769226,0.0,0.0,0.8065618,213.6901,10:00:00
2021-04-11,45.5603,84.467865,41.1503,41.79737,0.0,0.0,3.5370076,108.43504,09:00:00
2021-04-12,47.360302,80.0237,41.5103,44.010284,0.0,0.0,4.112674,112.38018,09:00:00
2021-04-12,47.630302,80.3232,41.8703,44.887917,0.0,0.0,2.9081001,112.61991,11:00:00
2021-04-13,49.070297,81.270546,43.5803,46.552547,0.0,0.0,4.6116934,129.09386,10:00:00
2021-04-14,46.640297,83.66226,41.9603,41.514187,0.0,0.000270871,13.468523,138.36655,10:00:00
2021-04-15,47.270298,78.91124,41.060303,43.739136,0.0,0.0,5.524982,121.75944,10:00:00
2021-04-18,51.590298,62.64408,39.2603,47.84759,0.0,0.00031416,6.3979764,233.53067,10:00:00
2021-04-19,55.0103,67.34874,44.3903,52.89025,0.0,0.0,1.6131237,146.3099,10:00:00
2021-04-20,51.6803,71.51513,42.7703,49.393044,0.0,0.0,2.0008337,243.43501,10:00:00
2021-04-21,50.9603,80.85683,45.2903,46.954315,0.0,0.00036884,10.672153,146.97614,10:00:00
2021-04-26,46.0103,96.977165,45.2003,43.881126,0.0,0.0,1.3422,90.0,10:00:00
2021-04-27,48.7103,81.52411,43.310303,46.637447,0.0,0.0,0.31635958,315.0001,09:00:00
2021-04-28,56.270298,49.381107,37.5503,52.461704,0.0,0.000470611,2.6937048,131.63345,09:00:00
2021-04-29,56.810303,60.339912,43.2203,54.728268,0.0,0.0,1.7471529,140.19447,10:00:00
2021-05-01,52.310303,85.7519,48.1703,51.54946,0.0,0.0,0.2237,270.0,10:00:00
2021-05-02,50.1503,79.69428,44.1203,47.234062,0.0,0.0,3.963974,196.38962,10:00:00
2021-05-03,53.4803,78.08429,46.820297,51.69839,0.0,0.0,4.2561827,266.98727,09:00:00
2021-05-04,56.7203,68.70599,46.5503,54.29496,0.0,0.000403299,5.217536,210.96368,10:00:00
2021-05-05,57.6203,69.74394,47.810303,56.2844,0.0,0.0,0.31635958,135.0001,10:00:00
2021-05-06,53.390297,83.256485,48.4403,52.089287,0.0,0.0,3.2028966,347.90527,10:00:00
2021-05-07,51.2303,82.82897,46.1903,49.76547,0.0,0.0,2.7306066,325.0079,10:00:00
2021-05-07,73.3703,33.4274,42.8603,70.254486,0.0,0.025550215,14.395229,314.37048,21:00:00
2021-05-08,53.4803,65.79038,42.3203,49.273457,0.0,0.000936229,8.204027,258.9965,09:00:00
2021-05-10,54.020298,75.782135,46.5503,52.114445,0.0,0.0,2.5010421,296.56497,10:00:00
2021-05-11,64.280304,32.324944,34.0403,60.309658,0.0,0.000245671,3.613984,111.801476,10:00:00
2021-05-12,58.0703,71.69783,48.9803,57.51414,0.0,0.0,2.3031323,60.94549,10:00:00
2021-05-13,53.0303,83.23238,48.0803,51.72137,0.0,0.0,0.4474,360.0,09:00:00
2021-05-18,51.9503,78.75633,45.5603,49.95585,0.0,0.0,0.9223387,165.96373,10:00:00
2021-05-20,48.7103,70.45394,39.5303,43.285828,0.0,0.000901014,13.407079,295.7099,10:00:00
2021-05-21,48.0803,75.751755,40.7903,44.522358,0.0,3.13e-06,6.3271914,278.13,10:00:00
2021-05-22,49.880302,73.84538,41.8703,45.250412,0.0,0.000639219,11.113185,139.89915,10:00:00
2021-05-23,50.3303,84.766685,45.9203,48.038197,0.0,0.0,3.1793742,320.7106,10:00:00
2021-05-24,53.0303,79.38246,46.820297,51.516678,0.0,0.0,1.4323789,128.65984,09:00:00
2021-05-26,52.6703,75.39907,45.1103,50.53977,0.0,0.0,2.237,143.13002,10:00:00
2021-05-27,50.4203,83.340065,45.5603,48.848473,0.0,0.0,0.9223387,284.03625,10:00:00
2021-05-28,56.7203,84.31188,52.0403,56.68335,0.0,0.0,0.31635958,135.0001,10:00:00
2021-05-30,53.390297,74.4441,45.4703,50.97593,0.0,2.52e-05,3.5014586,153.43501,09:00:00
2021-05-31,62.0303,50.781708,43.5803,60.196568,0.0,0.0,2.0256896,83.659904,10:00:00
2021-06-01,62.210297,59.832478,48.0803,61.15631,0.0,0.0,1.7036484,66.801384,10:00:00
2021-06-02,56.630302,82.91838,51.500298,55.914207,0.0,0.0,2.062412,12.528798,10:00:00
2021-06-03,56.9003,81.841934,51.4103,56.736214,0.0,0.0,2.4708471,84.805664,10:00:00
2021-06-04,67.5203,41.36058,43.2203,65.54669,0.0,0.0,1.2654383,135.0001,09:00:00
2021-06-04,64.6403,45.862144,43.310303,62.744,0.0,0.0,0.4474,90.0,11:00:00
2021-06-05,58.250298,57.69043,43.4003,55.063427,0.0,0.000825622,2.6183414,250.0168,10:00:00
2021-06-06,57.1703,72.57602,48.4403,54.249138,0.0,0.000792177,9.496058,136.90913,10:00:00
2021-06-07,55.0103,67.11816,44.3003,53.2581,0.0,0.0,2.0256896,263.6599,10:00:00
2021-06-08,53.390297,76.24129,46.1003,51.655598,0.0,0.0,3.6689527,307.56866,10:00:00
2021-06-10,52.0403,81.767456,46.640297,50.382774,0.0,0.0,2.4196854,303.6901,11:00:00
2021-06-12,60.6803,76.890884,53.390297,61.25914,0.0,0.0,1.7896,360.0,10:00:00
2021-06-13,61.760296,88.25767,58.250298,62.625404,0.0,0.0,5.659212,341.56494,10:00:00
2021-06-15,54.8303,90.5892,52.130302,54.049934,0.0,0.0,5.8718586,310.36444,11:00:00
2021-06-16,57.9803,70.019066,48.2603,55.80215,0.0,0.000495634,5.9100847,209.4758,10:00:00
2021-06-17,64.100296,36.984905,37.2803,60.279423,0.0,0.000840953,3.8094735,229.76372,10:00:00
2021-06-18,68.240295,49.66344,48.7103,66.015884,0.0,0.00178835,2.5505724,322.12494,10:00:00
2021-06-19,66.8903,49.293446,47.270298,65.40994,0.0,0.000378395,5.538552,133.36346,10:00:00
2021-06-20,63.1103,62.62214,50.1503,62.217243,0.0,0.000232544,5.0020843,153.43501,09:00:00
2021-06-20,61.8503,63.732826,49.4303,60.866764,0.0,9.03e-05,4.3029556,152.10283,11:00:00
2021-06-22,60.3203,79.43372,53.9303,59.315033,0.0,0.000364093,7.2036953,143.84172,10:00:00
2021-06-24,59.4203,81.21494,53.6603,59.87693,0.0,0.0,2.5308766,135.0001,10:00:00
2021-06-25,75.530304,43.475365,51.770298,75.361984,0.0,0.026003148,13.935989,341.2741,21:00:00
2021-06-26,73.5503,48.49653,52.9403,74.48156,0.0,0.024270345,11.432798,329.42084,20:00:00
2021-06-28,58.9703,87.26463,55.1903,58.797302,0.0,0.0,5.6103673,336.5014,10:00:00
2021-06-29,59.3303,85.029335,54.8303,59.90665,0.0,0.0,2.2813013,281.3099,10:00:00
2021-07-04,58.250298,86.089615,54.110302,58.77247,0.0,0.0,2.7029774,114.44395,10:00:00
2021-07-08,53.840298,79.44752,47.630302,52.32754,0.0,0.0,3.1793742,39.289394,10:00:00
2021-07-09,68.5103,55.492325,51.9503,67.42799,0.0,0.001290242,0.4474,360.0,10:00:00
2021-07-10,62.3003,67.96063,51.590298,62.1258,0.0,0.0,1.414803,341.56494,10:00:00
2021-07-14,57.890297,74.62355,49.880302,55.455524,0.0,0.000658287,9.347342,158.96242,10:00:00
2021-07-15,59.3303,75.2587,51.500298,57.551537,0.0,0.000564532,8.01895,149.8587,10:00:00
2021-07-17,57.6203,81.62221,52.0403,57.229237,0.0,0.0,4.474,126.86999,11:00:00
2021-07-18,60.500298,72.66959,51.6803,59.868088,0.0,7.33e-05,2.062412,12.528798,10:00:00
2021-07-19,62.840298,64.71371,50.7803,62.23784,0.0,7.93e-05,2.237,36.86999,10:00:00
2021-07-20,60.590298,71.71934,51.4103,58.957996,0.0,0.000668012,5.751309,346.50424,10:00:00
2021-07-21,59.2403,75.25035,51.4103,58.74536,0.0,0.0,0.4474,360.0,10:00:00
2021-07-22,60.6803,73.41436,52.130302,59.371803,0.0,0.000530955,4.7453933,351.87,09:00:00
2021-07-23,58.610302,68.225,48.1703,57.33042,0.0,0.0,4.3203645,111.25058,10:00:00
2021-07-24,58.9703,74.229614,50.7803,58.752068,0.0,0.0,0.50020844,116.56499,10:00:00
2021-07-25,62.0303,60.21348,48.0803,60.725525,0.0,0.000127825,4.7453933,135.0001,10:00:00
2021-07-28,58.5203,91.027885,55.9103,59.444893,0.0,0.0,4.051379,276.3401,11:00:00
2021-07-29,60.0503,88.46334,56.630302,61.45176,0.0,0.0,1.6285605,344.05453,10:00:00
2021-07-30,61.310295,84.04708,56.4503,62.83496,0.0,0.0,0.6711,90.0,10:00:00
2021-07-31,63.6503,68.79117,53.2103,64.22091,0.0,0.0,3.4799554,135.0001,10:00:00
2021-08-01,60.9503,81.59271,55.2803,62.433475,0.0,0.0,0.8065618,146.3099,09:00:00
2021-08-02,56.7203,91.86139,54.380302,56.807755,0.0,0.0,3.3255396,340.3461,11:00:00
2021-08-03,55.5503,81.745224,50.060303,54.651787,0.0,0.0,3.613984,338.19852,10:00:00
2021-08-04,57.1703,70.16763,47.5403,55.057938,0.0,0.000321317,4.703023,357.27374,10:00:00
2021-08-04,57.1703,70.16763,47.5403,55.057938,0.0,0.000321317,4.703023,357.27374,10:00:00
2021-08-06,56.9003,88.02412,53.390297,56.810646,0.0,0.0,3.4943058,140.19447,10:00:00
2021-08-07,63.1103,63.042046,50.3303,62.000595,0.0,0.000460939,3.8225873,20.556128,09:00:00
2021-08-07,60.410297,67.74505,49.7003,59.247486,0.0,0.000183355,3.139779,4.085537,11:00:00
2021-08-08,62.390297,78.053566,55.4603,62.120705,0.0,0.000359081,8.376063,145.88548,11:00:00
2021-08-09,61.9403,85.73708,57.6203,62.958557,0.0,0.0,5.8547893,133.45189,10:00:00
2021-08-10,60.7703,70.32065,51.0503,60.258312,0.0,0.0,0.8948,270.0,10:00:00
2021-08-11,59.2403,92.24484,56.9903,59.644196,0.0,0.0,4.6548953,305.21768,10:00:00
2021-08-13,62.9303,74.60631,54.7403,63.28264,0.0,2.65e-05,3.139779,265.91446,11:00:00
2021-08-15,64.91029,71.92581,55.640297,65.80712,0.0,0.0,2.5010421,10.304792,10:00:00
2021-08-16,67.6103,67.451195,56.4503,69.21085,0.0,0.0,0.50020844,153.43501,10:00:00
2021-08-17,64.8203,66.91137,53.570297,65.03628,0.0,7.33e-05,1.0004169,296.56497,09:00:00
2021-08-18,58.880302,79.05731,52.4003,55.479755,0.0,0.001042536,19.109009,152.8351,09:00:00
2021-08-19,61.310295,73.47618,52.7603,60.647804,0.0,0.000278714,4.906124,136.8476,10:00:00
2021-08-20,60.6803,82.64735,55.3703,61.537838,0.0,0.0,3.607054,150.2552,10:00:00
2021-08-21,62.1203,77.77626,55.1003,60.47691,0.0,0.00090994,11.820169,150.5242,10:00:00
2021-08-23,58.0703,77.68949,51.140297,57.19864,0.0,0.0,3.8029,151.92761,09:00:00
2021-08-23,55.9103,82.869606,50.7803,54.653088,0.0,0.0,5.217536,149.03632,11:00:00
2021-08-24,58.7903,77.75077,51.860302,57.326454,0.0,0.000342008,7.5031257,153.43501,11:00:00
2021-08-25,57.0803,87.454735,53.390297,57.742825,0.0,0.0,0.6711,360.0,10:00:00
2021-08-26,59.510303,59.470013,45.3803,57.80719,0.0,0.0,1.9243401,35.537766,10:00:00
2021-08-27,66.4403,49.897476,47.1803,65.10088,0.0,0.000140126,2.3031323,150.9455,10:00:00
2021-08-29,69.1403,58.016224,53.750298,69.902794,0.0,0.0,2.2031894,156.0375,11:00:00
2021-08-30,62.210297,75.77224,54.4703,63.210426,0.0,0.0,0.7074015,108.43504,10:00:00
2021-08-31,62.660297,59.490387,48.3503,61.450603,0.0,0.000126381,2.9845302,102.99462,10:00:00
2021-09-01,57.890297,77.41579,50.8703,57.114624,0.0,0.0,4.4290338,135.0001,10:00:00
2021-09-02,58.340298,78.75196,51.770298,55.71261,0.0,0.000733118,11.108682,154.98314,09:00:00
2021-09-04,54.2903,96.44574,53.3003,54.160683,0.0,0.0,2.8647578,218.65984,10:00:00
2021-09-05,60.140297,83.69913,55.1903,61.18461,0.0,0.0,2.1222045,161.56496,10:00:00
2021-09-06,61.5803,51.59511,43.5803,59.617245,0.0,0.0,1.3422,180.0,10:00:00
2021-09-07,64.3703,70.70364,54.6503,65.068245,0.0,0.0,2.0256896,186.3401,10:00:00
2021-09-08,69.5903,48.060497,49.070297,67.536606,0.0,0.001825505,6.002501,206.56499,09:00:00
2021-09-09,62.9303,69.62584,52.8503,63.235573,0.0,0.0,2.7670162,14.036275,11:00:00
2021-09-10,63.4703,73.44564,54.8303,64.35644,0.0,0.0,3.042649,306.02747,10:00:00
2021-09-11,61.760296,74.49583,53.570297,62.77435,0.0,0.0,1.304384,120.96369,10:00:00
2021-09-12,62.750298,57.91813,47.7203,61.750404,0.0,0.0,1.360714,80.53775,10:00:00
2021-09-14,59.060303,73.010376,50.4203,58.26477,0.0,0.0,0.63271916,315.0001,11:00:00
2021-09-15,61.4903,66.30096,50.1503,60.893196,0.0,0.0,2.0008337,153.43501,10:00:00
2021-09-16,55.3703,88.5345,52.0403,54.47799,0.0,0.0,5.9100847,150.5242,10:00:00
2021-09-20,59.1503,75.242,51.320297,58.48656,0.0,0.0,4.911221,239.9315,10:00:00
2021-09-21,67.7003,36.14864,39.8903,63.88199,0.0,0.001720902,4.8186455,158.19853,10:00:00
2021-09-22,65.5403,63.97707,53.0303,66.00346,0.0,0.0,0.9223387,194.03627,10:00:00
2021-09-23,63.2003,57.784664,48.0803,62.146046,0.0,0.0,1.6131237,33.6901,10:00:00
2021-09-28,56.9903,87.738914,53.390297,55.796234,0.0,0.0,9.98915,304.046,10:00:00
2021-09-30,57.4403,47.006622,37.3703,52.990326,0.0,0.001217948,3.472758,165.06853,11:00:00
2021-10-01,62.3003,44.55475,40.430298,58.25193,0.0,0.001668582,6.4057927,155.22488,10:00:00
2021-10-02,67.9703,40.865257,43.310303,65.38785,0.0,0.000800565,3.7498956,162.64589,10:00:00
2021-10-03,64.7303,44.166943,42.4103,61.008007,0.0,0.001878024,5.751309,166.50426,10:00:00
2021-10-04,68.6903,35.307877,40.1603,66.11079,0.0,0.0,1.9243401,125.537766,09:00:00
2021-10-05,60.9503,58.46035,46.2803,58.736595,0.0,0.000589818,1.1185,233.13002,11:00:00
2021-10-07,54.110302,71.03861,44.930298,51.454353,0.0,0.000193852,3.5370073,325.30478,10:00:00
2021-10-09,55.7303,79.59818,49.520298,54.75245,0.0,0.0,2.062412,130.60121,10:00:00
2021-10-10,54.4703,74.80169,46.640297,51.434914,0.0,0.000470309,6.905775,155.09526,09:00:00
2021-10-11,52.8503,67.794785,42.500298,47.3491,0.0,0.001457905,16.331633,306.08517,11:00:00
2021-10-12,54.2903,30.70616,24.0503,45.02417,0.0,0.004557,18.329754,336.2505,10:00:00
2021-10-12,54.2903,30.70616,24.0503,45.02417,0.0,0.004557,18.329754,336.2505,10:00:00
2021-10-13,51.2303,46.8674,31.6103,46.30793,0.0,0.000590046,3.6689527,127.568665,10:00:00
2021-10-14,53.840298,81.07326,48.1703,52.399166,0.0,0.0,4.297137,218.65984,10:00:00
2021-10-15,81.1103,15.114127,29.2703,76.03828,0.0,0.021248221,6.891267,13.134034,21:00:00
2021-10-16,57.890297,37.306934,31.9703,51.581696,0.0,0.002669883,6.109918,156.2505,09:00:00
2021-10-16,54.2903,39.513638,30.1703,48.11928,0.0,0.001979241,3.5861838,176.42374,11:00:00
2021-10-17,55.2803,32.042805,25.9403,48.36361,0.0,0.002561558,10.482917,140.19447,10:00:00
2021-10-18,51.770298,86.30186,47.810303,50.591705,0.0,0.0,2.7306066,304.9921,10:00:00
2021-10-19,47.810303,92.17824,45.6503,45.37035,0.0,0.0,2.4093227,158.19853,10:00:00
2021-10-25,61.130302,60.912827,47.5403,56.931984,0.003937008,0.010500315,9.804596,297.1496,21:00:00
2021-10-27,66.7103,76.42083,59.060303,66.91782,0.0,0.012993842,10.016665,293.70264,20:00:00
2021-10-28,54.4703,94.55851,52.9403,53.43228,0.0,0.0,7.105777,208.1785,10:00:00
2021-10-29,57.3503,89.211205,54.2003,57.607384,0.0,0.0,3.3555,270.0,10:00:00
2021-11-03,51.9503,93.87077,50.2403,51.177425,0.0,0.0,1.5817978,98.13002,10:00:00
2021-11-07,48.1703,90.01619,45.3803,45.141926,0.0,0.0,9.511855,318.81415,10:00:00
2021-11-08,46.2803,79.93782,40.430298,42.45526,0.0,0.0,4.440318,229.08571,10:00:00
2021-11-11,51.860302,88.367905,48.5303,49.848976,0.0,0.0,7.546353,281.9761,09:00:00
2021-11-11,52.2203,83.46003,47.360302,50.0888,0.0,0.0,8.288983,266.906,11:00:00
2021-11-12,53.1203,84.937645,48.7103,51.29517,0.0,0.0,6.4524946,213.6901,11:00:00
2021-11-13,56.000298,86.53518,52.0403,55.575134,0.0,0.0,5.956472,235.71307,10:00:00
2021-11-14,53.3003,74.435394,45.3803,50.250183,0.0,0.000332334,6.814594,203.19862,10:00:00
2021-11-21,53.4803,67.40133,42.950302,50.72873,0.0,5.56e-05,4.2503,270.0,09:00:00
2021-11-22,52.6703,61.051907,39.6203,48.774323,0.0,0.000538738,2.5010421,206.56499,11:00:00
2021-11-23,53.4803,64.66063,41.8703,50.149666,0.0,0.000367753,4.2737823,173.99109,10:00:00
2021-11-24,44.750298,90.18346,42.0503,40.02985,0.0,0.0,10.795698,304.01938,10:00:00
2021-11-25,44.1203,59.888958,31.0703,37.215652,0.0,0.001283283,7.9845543,168.69011,10:00:00
2021-11-28,51.500298,71.49605,42.5903,47.91986,0.0,0.00036288,4.7453933,188.13002,11:00:00
2021-11-29,53.840298,71.00977,44.6603,51.867462,0.0,0.0,1.6285605,254.05453,10:00:00
2021-11-30,49.7003,77.49257,42.950302,45.968964,0.0,0.000225121,7.02076,210.65059,10:00:00
2021-12-01,55.820297,53.103615,38.9903,51.79863,0.0,0.000850806,4.3434687,214.50858,10:00:00
2021-12-02,61.0403,49.24958,41.8703,57.55599,0.0,0.00115411,3.9576569,132.70937,09:00:00
2021-12-02,64.1903,53.96005,47.1803,62.280357,0.0,0.010688719,3.1635957,351.87,21:00:00
2021-12-11,38.1803,70.291466,29.3603,31.666523,0.0,0.000482388,5.3360767,146.97614,10:00:00
2021-12-11,56.9903,33.046803,28.1903,50.64475,0.0,0.010183469,5.405955,24.443953,21:00:00
2021-12-17,39.1703,93.194244,37.3703,33.867107,0.0,0.0,9.408707,288.00424,10:00:00
2021-12-18,40.5203,81.4857,35.3003,35.697723,0.0,0.0,5.605906,208.61037,09:00:00
2021-12-20,40.1603,88.41102,37.0103,34.70805,0.0,0.0,12.170596,126.027466,10:00:00
2021-12-21,46.1903,54.164062,30.5303,41.51229,0.0,1.37e-05,5.605906,151.38963,10:00:00
2021-12-26,42.950302,84.00447,38.4503,39.166004,0.027559055,0.0,7.4361324,291.16132,10:00:00
2022-01-01,43.310303,79.98124,37.5503,39.624733,0.0,0.0,4.302955,261.02747,10:00:00
2022-01-02,33.3203,81.23149,28.1903,27.422466,0.0,0.0,4.58994,133.02507,10:00:00
2022-01-09,37.1003,89.53637,34.3103,31.974957,0.0,0.0,5.716399,149.42085,11:00:00
2022-01-11,48.8003,65.9099,37.9103,44.88443,0.0,0.000146259,3.3629484,183.814,10:00:00
2022-01-12,49.610302,60.640774,36.5603,45.86874,0.0,0.0,2.4196854,236.3099,10:00:00
2022-01-15,49.520298,59.772354,36.1103,45.7111,0.0,0.0,4.3950076,255.2564,11:00:00
2022-01-17,51.6803,70.77751,42.500298,48.94337,0.0,0.0,1.7471529,140.19447,10:00:00
2022-01-18,48.5303,83.786995,43.8503,45.743057,0.0,0.0,1.9112936,200.55612,10:00:00
2022-01-19,58.250298,67.95409,47.7203,54.238525,0.0,0.010104514,10.088845,273.814,21:00:00
2022-01-20,47.5403,74.65,39.8903,43.75662,0.0,4.99e-05,4.58994,226.97493,11:00:00
2022-01-22,44.8403,61.086033,32.2403,37.588326,0.0,0.001479539,5.7032533,281.3099,10:00:00
2022-01-23,41.6003,77.04309,34.9403,36.582386,0.0,8e-05,2.062412,130.60121,10:00:00
2022-01-23,59.6003,50.065346,40.9703,55.31419,0.0,0.012004887,7.024322,307.23492,21:00:00
2022-01-24,48.890297,71.968094,40.250298,45.35914,0.0,3.92e-05,2.9081001,202.6199,09:00:00
2022-01-24,58.1603,61.564762,45.0203,55.413307,0.0,0.011459718,5.2031293,295.46332,21:00:00
2022-01-25,40.3403,90.31641,37.7303,35.869663,0.0,0.0,1.4323789,218.65984,11:00:00
2022-01-26,62.5703,52.27676,44.8403,58.333252,0.0,0.012011594,7.9089894,351.87,22:00:00
2022-01-27,45.5603,66.45464,35.0303,40.547623,0.0,0.000438693,5.7032533,205.55992,10:00:00
2022-01-28,39.4403,78.81175,33.4103,33.68209,0.0,0.000165755,4.2737823,83.99109,10:00:00
2022-01-29,50.2403,67.96296,40.0703,46.834152,0.0,4.98e-05,1.7896,180.0,10:00:00
2022-01-30,41.1503,81.24309,35.8403,35.6887,0.0,0.000123252,5.733881,159.44388,09:00:00
2022-02-01,46.4603,82.49663,41.4203,43.51352,0.0,0.0,5.5249825,291.3707,10:00:00
2022-02-02,40.9703,60.111366,28.1903,33.420906,0.0,0.001270959,12.711595,331.63104,10:00:00
2022-02-04,40.700302,75.58996,33.5903,34.293568,0.0,0.000487262,8.352132,172.30405,09:00:00
2022-02-06,40.7903,70.328415,31.8803,35.034477,0.0,0.000368388,4.7821593,190.78426,10:00:00
2022-02-07,43.5803,65.02703,32.6003,37.63605,0.0,0.000720951,6.843904,191.30989,10:00:00
2022-02-08,45.4703,72.11461,37.0103,40.749603,0.0,0.000284747,4.7821593,190.78426,10:00:00
2022-02-11,48.1703,73.161644,39.9803,42.701355,0.0,0.000802848,6.7147274,181.9091,10:00:00
2022-02-12,55.2803,61.61107,42.3203,51.850796,0.0,0.000634331,4.718956,174.55975,10:00:00
2022-02-13,60.7703,42.77953,38.0003,56.874855,0.0,0.000920511,2.5505724,127.875046,10:00:00
2022-02-14,46.0103,100.0,46.0103,43.36324,0.0,0.0,6.7703905,352.40543,10:00:00
2022-02-15,47.9003,77.0657,41.060303,42.282364,0.0,0.000709807,15.345884,306.70294,09:00:00
2022-02-17,46.0103,69.65936,36.6503,39.642666,0.0,0.001021304,10.31206,319.39877,10:00:00
2022-02-17,60.2303,33.69727,31.5203,56.900963,0.0,0.014582267,2.237,36.86999,20:00:00
2022-02-17,65.0003,30.299002,33.0503,60.51113,0.0,0.01553502,5.447451,19.179106,22:00:00
2022-02-18,46.4603,59.13566,32.9603,41.02977,0.0,0.000735145,4.8290186,166.60748,10:00:00
2022-02-19,50.8703,54.662426,35.1203,46.295063,0.0,0.000581791,2.9166913,212.47118,10:00:00
2022-02-20,50.060303,82.46579,44.930298,48.490196,0.0,0.0,1.4323789,321.34018,09:00:00
2022-02-22,45.4703,80.15328,39.7103,39.689205,0.0,0.000475716,14.374357,290.97357,10:00:00
2022-02-23,39.8003,74.6889,32.4203,34.88797,0.0,0.0,1.0004169,206.56499,10:00:00
2022-02-24,36.6503,74.92314,29.4503,30.358265,0.0,0.000250305,5.8547893,173.41815,10:00:00
2022-02-25,42.7703,91.050064,40.3403,39.436615,0.0,0.0,1.414803,108.43504,09:00:00
2022-02-25,55.5503,39.8646,31.5203,52.357166,0.0,0.015018108,4.7559276,311.18582,21:00:00
2022-02-28,46.4603,64.92273,35.3003,40.233604,0.0,0.001119773,8.984278,161.11382,10:00:00
2022-03-01,51.140297,70.47429,41.8703,47.986454,0.0,6.98e-05,2.608768,210.96368,10:00:00
2022-03-02,64.5503,47.779545,44.3003,62.573933,0.0,0.016481858,7.1092973,335.85446,21:00:00
2022-03-06,39.9803,84.107376,35.5703,34.98518,0.0,0.0,5.3360767,123.02387,10:00:00
2022-03-07,45.8303,79.34474,39.8003,42.589252,0.0,0.0,3.1793742,129.28938,10:00:00
2022-03-10,46.4603,89.32728,43.4903,43.58603,0.0,0.0,3.8291273,263.29025,10:00:00
2022-03-11,52.0403,37.026875,26.570301,47.067123,0.0,1e-06,5.922771,259.1145,10:00:00
2022-03-12,45.9203,43.836037,25.1303,38.851936,0.0,0.001667588,5.7295156,141.34016,10:00:00
2022-03-16,48.6203,88.51269,45.3803,46.14147,0.0,0.0,5.027032,339.14545,10:00:00
2022-03-18,49.250298,79.348145,43.1303,47.044254,0.0,0.0,1.4323789,141.34016,10:00:00
2022-03-20,45.5603,87.14945,41.9603,40.194473,0.0,0.000133288,15.082755,305.34018,11:00:00
2022-03-21,48.3503,77.37402,41.6003,45.52568,0.0,0.0,3.0012505,243.43501,10:00:00
2022-03-22,52.5803,79.0769,46.2803,48.9478,0.0,0.000439007,9.629499,267.33704,10:00:00
2022-03-23,58.9703,66.22486,47.7203,58.18319,0.0,0.0,2.3031323,150.9455,10:00:00
2022-03-24,52.5803,74.365685,44.6603,51.001316,0.0,0.0,1.8446774,75.96373,09:00:00
2022-03-26,49.7903,74.35033,41.9603,46.87497,0.0,0.0,1.8981575,135.0001,10:00:00
2022-03-28,53.6603,85.8297,49.520298,50.188843,0.027559055,0.000274886,14.638255,141.20343,10:00:00
2022-03-31,45.4703,91.78313,43.2203,41.763863,0.0,0.0,5.0020843,153.43501,10:00:00
2022-04-01,51.4103,72.98335,43.0403,48.820507,0.0,0.0,2.916691,94.39862,10:00:00
2022-04-02,48.6203,87.61026,45.1103,46.78616,0.0,0.0,2.5505724,74.74483,10:00:00
2022-04-04,66.6203,46.96388,45.7403,63.309082,0.0,0.01961326,14.40218,316.88815,21:00:00
2022-04-05,50.6903,86.82842,46.9103,47.475758,0.0,0.0,9.17988,313.0251,11:00:00
2022-04-06,50.4203,69.66426,40.8803,45.63713,0.0,0.000823027,10.049087,286.8215,10:00:00
2022-04-07,54.4703,51.608097,37.0103,49.316704,0.0,0.001531016,5.524982,211.75943,10:00:00
2022-04-08,61.760296,62.24065,48.7103,60.67199,0.0,3.63e-05,0.50020844,243.43501,10:00:00
2022-04-09,50.1503,72.10023,41.5103,46.211624,0.0,0.000385693,5.8205,272.20255,09:00:00
2022-04-10,52.5803,71.36428,43.5803,47.245808,0.0,0.001253604,14.292313,309.92032,11:00:00
2022-04-11,49.340298,73.53562,41.2403,43.93647,0.0,0.000877716,13.015036,294.36243,10:00:00
2022-04-12,43.0403,71.85646,34.5803,36.93049,0.0,0.000637575,12.658337,313.56796,10:00:00
2022-04-13,45.1103,80.40619,39.4403,40.118027,0.0,0.000239106,9.71229,298.92633,10:00:00
2022-04-17,45.4703,78.76084,39.2603,42.24121,0.0,0.0,4.9214,360.0,10:00:00
2022-04-18,42.950302,94.2831,41.4203,40.54947,0.0,0.0,4.0328093,19.440128,10:00:00
2022-04-23,48.5303,85.53078,44.3903,46.247826,0.0,0.0,0.4474,360.0,10:00:00
2022-04-24,51.590298,68.35679,41.5103,48.788567,0.0,0.0,1.7471529,320.1945,10:00:00
2022-04-24,69.41029,52.22246,51.140297,68.666046,0.0,0.021859722,13.818795,330.9455,21:00:00
2022-04-25,50.5103,85.066734,46.1903,48.380035,0.0,0.0,3.0426488,162.89719,09:00:00
2022-04-27,46.3703,88.10017,43.0403,43.183037,0.0,0.0,1.8446774,165.96373,10:00:00
2022-04-28,48.9803,76.36371,41.8703,44.5118,0.0,0.000449408,10.795698,304.01938,10:00:00
2022-04-29,48.9803,75.31096,41.5103,46.026978,0.0,0.0,1.8446774,284.03625,10:00:00
2022-04-30,53.0303,66.653046,42.2303,50.249115,0.0,0.0,2.0256896,186.3401,09:00:00
2022-05-02,48.8003,86.72579,45.0203,46.287052,0.0,0.0,4.6116934,320.90613,10:00:00
2022-05-03,49.9703,68.40848,39.9803,44.53804,0.0,0.001078007,10.760877,290.69553,10:00:00
2022-05-04,55.4603,52.86375,38.5403,51.485977,0.0,0.000725426,5.110945,156.80139,10:00:00
2022-05-05,52.7603,84.630035,48.2603,50.02347,0.0,5.82e-05,5.484073,348.23172,10:00:00
2022-05-07,55.0103,75.873184,47.5403,50.335945,0.0,0.00113407,13.066837,321.9529,11:00:00
2022-05-08,49.7003,69.34094,40.0703,43.012672,0.0,0.001493341,16.24407,292.6806,10:00:00
2022-05-09,46.7303,69.98756,37.4603,41.75665,0.0,0.000524414,8.420753,286.9909,10:00:00
2022-05-10,46.2803,76.651245,39.3503,42.694126,0.0,0.0,1.6285605,285.94547,10:00:00
2022-05-11,46.7303,80.53249,41.060303,43.579193,0.0,0.0,4.0328093,273.17978,09:00:00
2022-05-12,62.660297,37.412014,36.2903,56.7235,0.0,0.020325271,18.125221,324.54443,20:00:00
2022-05-13,48.8003,82.66082,43.7603,45.696896,0.0,0.0,5.5249825,291.3707,10:00:00
2022-05-14,53.1203,89.32027,50.060303,51.881657,0.0,0.0,3.2262473,236.3099,10:00:00
2022-05-15,58.7903,69.87193,48.9803,57.81315,0.0,0.0,3.2028966,77.90526,10:00:00
2022-05-15,73.4603,51.106163,54.2903,72.18527,0.0,0.023866605,18.348856,315.0001,21:00:00
2022-05-16,54.4703,87.9048,50.9603,52.54783,0.0,0.0,5.956472,325.71307,09:00:00
2022-05-18,51.4103,75.53972,43.9403,48.074604,0.0,0.000244293,4.8393707,146.3099,10:00:00
2022-05-19,60.6803,70.310974,50.9603,59.59175,0.0,0.000309921,6.0770693,263.6599,10:00:00
2022-05-20,56.1803,51.683983,38.6303,50.471485,0.0,0.002254031,11.615179,285.6423,10:00:00
2022-05-21,61.0403,44.20012,39.0803,57.905365,0.0,0.000146685,2.3031323,119.05451,10:00:00
2022-05-22,58.9703,41.89029,35.8403,54.548813,0.0,0.00107946,4.474,143.13002,09:00:00
2022-05-23,54.2903,67.264366,43.6703,51.612293,0.0,0.000127094,2.3031323,240.94548,11:00:00
2022-05-23,81.4703,22.642647,39.7103,77.723366,0.0,0.02991764,14.583455,318.73148,20:00:00
2022-05-24,57.1703,63.795155,45.0203,55.58999,0.0,0.0,1.803527,172.87508,10:00:00
2022-05-25,69.7703,29.03388,36.1103,66.23715,0.0,0.000168001,4.3203645,158.74942,10:00:00
2022-05-26,62.5703,61.927517,49.340298,60.049393,0.0,0.001406632,9.212529,150.9455,10:00:00
2022-05-28,55.4603,83.11612,50.4203,53.137054,0.003937008,0.00020882,6.8035703,316.33215,11:00:00
2022-05-30,51.4103,72.2315,42.7703,48.600357,0.0,0.0,3.1635957,261.87,10:00:00
2022-05-31,52.7603,72.37119,44.1203,50.583237,0.0,0.0,0.8065618,303.6901,10:00:00
2022-06-01,59.510303,52.182735,41.9603,57.391376,0.0,0.0,1.7036484,66.801384,09:00:00
2022-06-03,56.000298,89.4463,52.9403,56.102856,0.0,0.0,2.2813013,348.6901,10:00:00
2022-06-07,56.5403,79.396576,50.2403,55.69328,0.0,0.0,2.4196854,146.3099,09:00:00
2022-06-09,56.810303,74.77148,48.890297,54.910793,0.0,0.000238227,3.472758,165.06853,10:00:00
2022-06-10,64.100296,57.71389,48.890297,63.05483,0.0,0.000159519,1.360714,170.53775,10:00:00
2022-06-11,63.4703,77.63662,56.360302,64.36398,0.0,0.0,4.302955,278.97253,10:00:00
2022-06-12,62.660297,91.76468,60.2303,65.201584,0.0,0.0,2.5505724,15.255177,09:00:00
2022-06-13,54.2903,79.75207,48.1703,51.731697,0.0,0.00021926,6.299449,276.11542,11:00:00
2022-06-13,75.8903,25.717823,38.2703,71.97242,0.0,0.02805463,15.03457,316.80872,20:00:00
2022-06-13,77.6903,25.007357,39.0803,72.086914,0.0,0.02829688,18.84,317.406,22:00:00
2022-06-14,56.630302,72.76631,47.9903,54.298946,0.0,0.000413132,6.2994494,286.50443,10:00:00
2022-06-14,85.6103,16.780191,35.4803,79.7103,0.0,0.03195502,16.985003,319.808,22:00:00
2022-06-15,58.9703,67.80761,48.3503,57.778843,0.0,0.0,1.5817978,135.0001,10:00:00
2022-06-16,54.8303,75.60034,47.270298,53.05797,0.0,0.0,3.9131517,300.96368,10:00:00
2022-06-19,52.8503,75.158745,45.2003,50.00361,0.0,0.00018369,2.9845302,167.00539,10:00:00
2022-06-20,57.890297,72.40543,49.070297,57.148983,0.0,0.0,0.50020844,243.43501,10:00:00
2022-06-20,57.890297,72.40543,49.070297,57.148983,0.0,0.0,0.50020844,243.43501,10:00:00
2022-06-21,64.280304,41.275063,40.250298,59.522438,0.0,0.002684175,6.9921904,187.35228,10:00:00
2022-06-22,72.1103,27.49064,36.7403,65.46138,0.0,0.005757262,13.422,143.13002,10:00:00
2022-06-23,66.6203,63.271927,53.750298,67.4069,0.0,0.0,2.1103816,147.99466,09:00:00
2022-06-23,64.280304,67.51367,53.3003,64.56378,0.0,0.0,0.50020844,116.56499,11:00:00
2022-06-24,60.6803,75.38358,52.8503,60.40755,0.0,0.0,2.5505724,344.7448,11:00:00
2022-06-25,60.140297,76.33741,52.6703,60.58701,0.0,0.0,1.3422,90.0,10:00:00
2022-06-26,58.4303,91.024536,55.820297,58.944485,0.0,0.0,3.2028966,347.90527,10:00:00
2022-06-27,53.1203,98.03739,52.5803,52.954433,0.0,0.0,0.94907874,315.0001,10:00:00
2022-06-29,55.7303,87.675896,52.130302,54.919132,0.0,0.0,5.0469017,347.19574,11:00:00
2022-06-29,73.91029,42.223457,49.520298,73.57292,0.0,0.025614938,12.766588,348.887,20:00:00
2022-07-08,57.8003,85.49944,53.4803,58.199596,0.0,0.0,1.1406506,281.3099,10:00:00
2022-07-10,59.4203,79.10077,52.9403,59.648163,0.0,0.0,0.9223387,14.036275,11:00:00
2022-07-11,63.2903,74.396355,55.0103,64.73703,0.0,0.0,0.6711,180.0,10:00:00
2022-07-11,63.2903,74.396355,55.0103,64.73703,0.0,0.0,0.6711,180.0,10:00:00
2022-07-12,61.4903,85.711525,57.1703,62.765343,0.0,0.0,3.3629484,3.8140097,10:00:00
2022-07-13,79.4003,42.65214,54.7403,79.42798,0.0,0.02746102,14.573157,342.12122,21:00:00
2022-07-14,60.140297,78.89829,53.570297,60.046516,0.0,0.0,2.942314,8.746089,09:00:00
2022-07-15,55.2803,90.60673,52.5803,54.92443,0.0,0.0,3.1635957,351.87,11:00:00
2022-07-16,60.500298,68.898026,50.2403,59.495464,0.0,0.000147981,3.9067528,13.240531,10:00:00
2022-07-17,63.1103,68.73116,52.6703,62.09928,0.0,0.000704738,5.1645155,355.03033,10:00:00
2022-07-18,64.91029,54.61391,48.1703,63.374157,0.0,0.000574485,3.2262473,33.6901,10:00:00
2022-07-19,62.4803,69.346855,52.310303,62.03941,0.0,0.00019143,3.8029,331.9276,09:00:00
2022-07-21,56.4503,83.18234,51.4103,56.592545,0.0,0.0,3.2028964,24.775122,10:00:00
2022-07-22,59.3303,76.012276,51.770298,58.801594,0.0,0.0,3.1077397,329.74365,10:00:00
2022-07-23,58.5203,75.18335,50.6903,56.80247,0.0,0.000409004,5.5340323,345.9637,10:00:00
2022-07-24,57.6203,83.26009,52.5803,57.14974,0.0,0.0,5.3874097,131.63345,10:00:00
2022-07-28,57.8003,80.02673,51.6803,56.198578,0.0,0.000260469,7.8582087,355.10098,10:00:00
2022-08-02,62.840298,78.091,55.9103,63.297256,0.0,7.83e-05,4.8186455,291.80148,10:00:00
2022-08-03,64.1903,59.098164,49.610302,62.492325,0.0,0.00096796,5.9690604,347.00537,10:00:00
2022-08-04,66.0803,62.375595,52.8503,65.632866,0.0,0.000611721,3.5370076,18.435053,09:00:00
2022-08-07,59.4203,90.17779,56.5403,60.86673,0.0,0.0,3.407297,23.198618,10:00:00
2022-08-08,59.4203,91.357185,56.9003,59.62685,0.0,0.0,6.203391,334.35904,10:00:00
2022-08-09,59.960304,89.90733,56.9903,60.205444,0.0,0.0,6.331145,327.99466,10:00:00
2022-08-12,58.340298,89.84021,55.3703,59.14718,0.0,0.0,3.1635957,351.87,10:00:00
2022-08-13,60.0503,78.63149,53.390297,60.322544,0.0,0.0,0.94907874,315.0001,10:00:00
2022-08-14,60.590298,80.769226,54.6503,61.38319,0.0,0.0,3.042649,53.972538,10:00:00
2022-08-14,60.590298,80.769226,54.6503,61.38319,0.0,0.0,3.042649,53.972538,10:00:00
2022-08-15,63.8303,74.20473,55.4603,64.9956,0.0,0.0,3.2262473,56.309914,09:00:00
2022-08-17,68.9603,57.991844,53.570297,69.49115,0.0,0.0,2.6844,90.0,10:00:00
2022-08-18,58.5203,98.08241,57.9803,59.597897,0.0,0.0,3.8486803,324.46225,10:00:00
2022-08-19,58.250298,87.80147,54.6503,58.8155,0.0,0.0,4.474,360.0,10:00:00
2022-08-20,63.2003,68.51433,52.6703,63.178875,0.0,0.0,4.2561827,93.012726,09:00:00
2022-08-23,60.9503,88.50532,57.5303,63.113422,0.0,0.0,0.8065618,56.309914,10:00:00
2022-08-24,62.750298,77.57569,55.640297,63.806404,0.0,0.0,2.9081001,22.61991,10:00:00
2022-08-28,59.3303,88.42959,55.9103,59.694637,0.0,0.0,6.1058216,151.55717,10:00:00
2022-08-29,60.0503,73.84132,51.6803,59.36153,0.0,6.99e-05,5.0020843,153.43501,10:00:00
2022-08-30,55.1903,97.0948,54.380302,56.09082,0.0,0.0,0.6711,360.0,10:00:00
2022-08-31,55.820297,97.10262,55.0103,56.03971,0.0,0.0,3.472758,345.06854,09:00:00
2022-08-31,75.6203,46.460922,53.6603,75.72444,0.0,0.023683509,12.473155,327.45,21:00:00
2022-09-02,59.060303,71.321465,49.7903,57.253853,0.0,0.000488836,5.5924997,343.73972,10:00:00
2022-09-03,61.130302,76.425545,53.6603,61.634,0.0,0.0,2.5010421,280.30478,10:00:00
2022-09-04,63.560295,71.31796,54.110302,64.24515,0.0,0.0,1.803527,352.87506,10:00:00
2022-09-07,74.6303,60.66566,60.140297,77.266335,0.0,0.000254193,2.237,53.13002,10:00:00
2022-09-08,71.3003,59.651215,56.5403,72.26112,0.0,0.000607059,2.8472362,224.9999,10:00:00
2022-09-09,72.2003,48.293804,51.590298,72.18102,0.0,8.48e-05,0.50020844,206.56499,10:00:00
2022-09-10,66.9803,72.36907,57.8003,68.27048,0.0,0.000227885,1.6285605,15.945477,10:00:00
2022-09-13,60.0503,85.07219,55.5503,60.40971,0.0,0.0,3.9828653,321.8427,10:00:00
2022-09-14,61.2203,82.95394,56.000298,61.997143,0.0,0.0,3.607054,330.25522,10:00:00
2022-09-14,76.3403,39.856613,50.1503,73.73162,0.0,0.02011988,11.16933,327.26477,21:00:00
2022-09-19,62.3003,84.10919,57.4403,62.277557,0.0,0.000227355,8.634936,126.57312,10:00:00
2022-09-20,59.060303,87.55491,55.3703,59.028725,0.0,0.0,6.203391,154.35904,10:00:00
2022-09-22,58.9703,86.12974,54.8303,59.67882,0.0,0.0,2.2145169,224.9999,09:00:00
2022-09-22,55.640297,82.57516,50.4203,54.18383,0.0,0.0,5.5924997,196.26028,11:00:00
2022-09-22,77.3303,46.567013,55.2803,77.21153,0.0,0.021835655,11.805342,297.0505,20:00:00
2022-09-23,59.1503,71.330925,49.880302,56.805164,0.0,0.000807346,5.7032533,154.44008,10:00:00
2022-09-24,64.3703,60.724785,50.5103,63.006054,0.0,0.000836065,4.244409,161.56496,10:00:00
2022-09-25,62.210297,76.77224,54.8303,63.155983,0.0,0.0,2.3031323,150.9455,10:00:00
2022-09-26,55.3703,98.7005,55.0103,56.232986,0.0,0.0,2.721428,9.462248,10:00:00
2022-09-28,56.270298,89.75349,53.3003,56.065453,0.0,0.0,2.062412,139.39879,11:00:00
2022-09-29,58.4303,95.57425,57.1703,59.534286,0.0,0.0,0.7074015,161.56496,10:00:00
2022-09-30,62.1203,74.285194,53.840298,62.044273,0.0,0.000111752,4.906124,155.77226,10:00:00
2022-10-01,59.7803,76.55827,52.4003,58.91491,0.0,0.000195675,5.4152036,128.2902,10:00:00
2022-10-05,56.360302,91.247154,53.840298,56.50049,0.0,0.0,2.5505724,127.875046,10:00:00
2022-10-06,59.510303,82.29681,54.110302,60.188965,0.0,0.0,2.829606,18.435053,10:00:00
2022-10-08,55.9103,95.52681,54.6503,55.902363,0.0,0.0,2.9081001,337.3801,11:00:00
2022-10-11,53.4803,96.114784,52.4003,52.649612,0.0,0.0,5.0020843,333.43503,10:00:00
2022-10-17,58.7003,76.20839,51.2303,57.87715,0.0,0.0,0.50020844,296.56497,10:00:00
2022-10-20,70.0403,26.976269,34.4903,65.74484,0.0,0.001177768,3.9828653,141.84273,10:00:00
2022-10-21,55.640297,86.22868,51.590298,56.040943,0.0,0.0,2.3354967,106.699326,10:00:00
2022-10-23,50.9603,75.23805,43.4003,47.405365,0.0,0.000292713,8.750073,302.47116,09:00:00
2022-10-25,57.890297,48.42383,38.5403,54.228146,0.0,0.000561282,1.0004169,153.43501,10:00:00
2022-10-26,47.000298,85.14533,42.7703,43.48327,0.0,0.0,2.062412,167.4712,10:00:00
2022-10-27,49.070297,71.98702,40.430298,44.75574,0.0,0.000445873,5.3031526,152.35411,10:00:00
2022-10-28,55.640297,63.16565,43.310303,53.616188,0.0,0.0,2.5010421,26.564985,10:00:00
2022-10-28,67.2503,29.579237,34.4003,60.51087,0.0,0.013897724,9.125205,348.6901,21:00:00
2022-10-29,54.2003,69.36552,44.3903,51.87677,0.0,0.0,3.6415722,349.3804,09:00:00
2022-11-03,46.9103,83.68016,42.2303,42.714752,0.0,6.07e-05,10.31206,294.34106,09:00:00
2022-11-10,48.1703,78.43997,41.7803,45.15986,0.0,0.0,2.9845302,257.00537,10:00:00
2022-11-11,41.1503,82.99649,36.3803,35.370705,0.0,0.000156099,4.8290186,166.60748,10:00:00
2022-11-12,41.1503,86.29826,37.3703,35.89084,0.0,0.0,4.297137,141.34016,10:00:00
2022-11-13,44.6603,92.39147,42.5903,40.900757,0.0,0.0,6.2154794,300.25635,10:00:00
2022-11-16,51.2303,49.30522,32.8703,46.46591,0.0,0.000565881,7.105777,298.1785,10:00:00
2022-11-17,40.5203,64.40134,29.4503,33.840225,0.0,0.00079996,5.8075895,195.6423,10:00:00
2022-11-21,44.4803,61.48146,32.0603,38.80948,0.0,0.000680234,4.718956,185.44025,10:00:00
2022-11-22,44.5703,55.936474,29.810299,38.616726,0.0,0.000836127,4.0328093,199.44012,10:00:00
2022-11-23,48.9803,61.86181,36.4703,44.483246,0.0,0.000466437,4.0328093,199.44012,10:00:00
2022-11-24,51.590298,51.723667,34.4003,46.71404,0.0,0.000835821,6.9886117,219.80553,09:00:00
2022-11-25,74.3603,17.416159,27.2903,68.697556,0.0,0.013420532,3.607054,119.74479,20:00:00
2022-11-26,53.9303,38.313446,29.0903,48.531425,0.0,0.00098726,4.4290338,135.0001,10:00:00
2022-11-27,41.8703,73.033455,33.8603,35.69531,0.0,0.000551552,6.891267,193.13403,10:00:00
2022-11-28,49.070297,72.491066,40.6103,46.078087,0.0,0.0,2.4196854,236.3099,10:00:00
2022-11-29,56.810303,35.929867,30.0803,49.94899,0.0,0.011142081,7.7135963,286.8585,21:00:00
2022-11-30,40.430298,76.110565,33.5003,34.83477,0.0,0.000215769,5.0617533,135.0001,09:00:00
2022-12-02,42.5903,79.64036,36.7403,38.717083,0.0,0.0,3.11578,338.9624,10:00:00
2022-12-02,50.7803,64.32247,39.1703,46.2669,0.0,0.007858598,5.4152036,321.70978,22:00:00
2022-12-07,45.2003,83.56629,40.5203,41.886597,0.0,0.0,3.3255396,222.27362,10:00:00
2022-12-08,38.6303,86.461876,34.9403,33.611866,0.0,0.0,4.6548953,125.21768,10:00:00
2022-12-13,35.9303,87.88264,32.6903,30.351744,0.0,0.0,2.8647578,141.34016,10:00:00
2022-12-13,52.130302,58.8715,38.1803,46.918694,0.0,0.008933357,7.109297,282.72437,21:00:00
2022-12-14,35.2103,85.95232,31.4303,29.012756,0.0,0.0,5.101145,164.74483,10:00:00
2022-12-14,48.8003,74.25339,40.9703,46.202316,0.0,0.008083168,0.8065618,303.6901,21:00:00
2022-12-18,44.2103,68.95987,34.6703,39.962887,0.0,0.0,2.9081001,157.3801,10:00:00
2022-12-18,50.4203,72.88255,42.0503,46.772842,0.0,0.007368176,5.0617533,315.0001,22:00:00
2022-12-19,42.3203,79.90167,36.5603,38.32886,0.0,0.0,2.0133,90.0,10:00:00
2022-12-23,48.6203,86.71596,44.8403,46.273575,0.0,0.0,4.6116934,104.03627,10:00:00
2022-12-24,48.0803,93.76888,46.3703,46.055832,0.0,0.0,2.5505724,254.74483,10:00:00
2022-12-25,45.7403,90.22444,43.0403,42.32357,0.0,0.0,7.5164537,233.47105,10:00:00
2023-01-17,46.5503,80.79941,40.9703,43.633408,0.0,0.0,4.6116934,292.83368,09:00:00
2023-01-20,39.7103,87.763054,36.3803,34.740868,0.0,0.0,7.2762704,315.0001,10:00:00
2023-01-21,35.6603,74.2755,28.2803,29.29419,0.0,0.000235324,4.4963145,185.7105,10:00:00
2023-01-24,36.2003,74.87869,29.0003,30.194765,0.0,0.000139284,4.474,233.13002,10:00:00
2023-01-25,39.8903,66.238235,29.5403,33.56504,0.0,0.000581422,5.8718586,197.74477,10:00:00
2023-01-26,47.090298,69.53466,37.6403,43.293915,0.0,0.0,6.514242,254.05453,10:00:00
2023-01-27,42.0503,70.97919,33.3203,35.96163,0.0,0.000575446,5.3172884,165.37909,09:00:00
2023-01-30,39.3503,62.379124,27.560299,31.976389,0.0,0.001023805,9.204379,334.05774,10:00:00
2023-01-31,34.0403,78.34592,28.0103,27.544056,0.0,0.000134998,9.771363,285.94547,10:00:00
2023-02-01,37.7303,60.331173,25.2203,30.748713,0.0,0.000776849,5.5340323,165.96373,10:00:00
2023-02-05,52.6703,76.69741,45.5603,50.94624,0.003937008,0.0,3.6689527,232.43134,10:00:00
2023-02-06,41.3303,93.58506,39.6203,37.37798,0.0,0.0,8.565111,310.76352,10:00:00
2023-02-07,42.500298,70.77348,33.6803,36.76798,0.0,0.000477783,5.8718586,197.74477,09:00:00
2023-02-09,40.9703,75.34432,33.7703,35.088356,0.0,0.000352788,6.8621593,199.0257,10:00:00
2023-02-10,46.640297,75.087814,39.1703,43.980392,0.0,0.0,1.7471529,309.8055,10:00:00
2023-02-13,48.8003,56.552277,34.0403,45.03604,0.0,0.0,4.2503,270.0,11:00:00
2023-02-14,41.8703,78.4554,35.6603,35.342915,0.0,0.000501345,15.167124,307.208,10:00:00
2023-02-15,35.7503,77.63637,29.4503,28.561583,0.0,0.00038159,9.538123,320.7106,10:00:00
2023-02-16,32.6903,74.52814,25.4903,25.623451,0.0,0.00029977,9.408707,151.60707,10:00:00
2023-02-17,36.8303,78.30234,30.7103,31.657902,0.0,0.0,2.0256896,173.6599,10:00:00
2023-02-17,56.4503,48.542877,37.2803,52.641693,0.0,0.013784708,7.599218,317.38596,21:00:00
2023-02-20,41.7803,72.7619,33.6803,35.602867,0.0,0.000552131,7.618947,130.23628,10:00:00
2023-02-21,45.9203,73.707985,38.0003,41.5632,0.0,0.000159512,4.8030424,117.75845,10:00:00
2023-02-27,36.1103,99.29049,35.9303,31.120209,0.0,0.0,2.7029774,114.44395,10:00:00
2023-03-03,40.430298,88.42426,37.2803,35.27102,0.0,0.0,3.5370076,161.56496,10:00:00
2023-03-07,37.4603,87.96125,34.2203,32.441963,0.0,0.0,6.3587484,129.28938,11:00:00
2023-03-08,39.3503,80.81463,33.9503,32.496357,0.0,0.000369551,10.611023,145.30478,10:00:00
2023-03-09,38.9903,87.1021,35.4803,33.854176,0.0,0.0,7.9089894,135.0001,10:00:00
2023-03-17,46.640297,73.52113,38.6303,43.097557,0.0,0.0,1.414803,161.56496,11:00:00
2023-03-18,42.4103,90.0856,39.7103,37.92346,0.0,0.0,3.3028908,151.69934,10:00:00
2023-03-24,44.3903,74.34127,36.7403,37.13638,0.0,0.000991383,18.229834,299.39597,10:00:00
2023-03-25,43.2203,79.97402,37.4603,38.20166,0.0,0.000139149,9.93641,301.1849,10:00:00
2023-03-26,39.8003,86.220726,36.0203,34.95976,0.0,0.0,8.249648,319.39877,10:00:00
2023-03-27,38.0003,81.29465,32.7803,31.817343,0.0,0.000154482,4.6116934,165.96373,09:00:00
2023-03-29,43.7603,86.44635,39.9803,38.19912,0.0,0.000117164,11.406507,154.44008,10:00:00
2023-03-31,41.7803,93.92527,40.1603,38.038013,0.0,0.0,2.7029774,155.55606,10:00:00
2023-04-01,46.820297,75.10507,39.3503,43.81821,0.0,0.0,1.2046614,21.801476,09:00:00
2023-04-04,41.6903,76.77612,34.9403,36.92363,0.0,0.0,6.818264,311.009,10:00:00
2023-04-05,40.7903,84.16045,36.3803,35.959476,0.0,0.0,1.5006253,206.56499,10:00:00
2023-04-09,48.6203,88.51269,45.3803,46.477097,0.0,0.0,2.4196854,213.6901,10:00:00
2023-04-10,51.0503,70.70928,41.8703,47.37155,0.0,0.000354613,5.3874097,175.23645,10:00:00
2023-04-14,45.7403,83.02224,40.8803,43.256783,0.0,0.0,3.0012505,296.56497,10:00:00
2023-04-20,47.810303,66.963905,37.3703,44.293827,0.0,0.0,2.7029774,245.55606,10:00:00
2023-04-21,49.610302,77.7526,42.950302,46.84083,0.0,0.0,5.3031526,242.35411,10:00:00
2023-04-23,52.6703,88.40666,49.340298,52.214684,0.0,0.0,0.63271916,315.0001,11:00:00
2023-04-24,45.9203,83.03463,41.060303,41.737408,0.0,8.44e-06,3.9067528,203.6294,11:00:00
2023-04-25,47.1803,83.12096,42.3203,43.750824,0.0,0.0,4.0328093,146.3099,10:00:00
2023-04-26,52.0403,74.82502,44.3003,50.078194,0.0,0.0,2.6937048,184.76355,10:00:00
2023-04-26,83.2703,16.478962,33.1403,80.832855,0.0,0.029185407,8.815597,324.2932,21:00:00
2023-04-27,62.1203,46.914043,41.6003,59.451385,0.0,0.000177577,3.7498956,162.64589,10:00:00
2023-04-28,57.2603,66.92502,46.3703,55.500034,0.0,0.0,4.3434687,124.50858,09:00:00
2023-04-29,46.1003,96.317924,45.1103,44.027855,0.0,0.0,1.803527,352.87506,11:00:00
2023-04-30,47.810303,92.17824,45.6503,45.75247,0.0,0.0,4.0328093,356.82022,10:00:00
2023-05-08,45.6503,96.31071,44.6603,42.67305,0.0,0.0,4.2737823,132.87889,10:00:00
2023-05-10,48.1703,87.58717,44.6603,45.652916,0.0,0.0,0.8065618,303.6901,11:00:00
2023-05-12,48.3503,93.77608,46.640297,46.522263,0.0,0.0,3.2028964,114.775116,10:00:00
2023-05-13,52.0403,90.78339,49.4303,50.503872,0.0,0.0,3.2028964,155.22488,10:00:00
2023-05-14,65.810295,59.315292,51.2303,65.62044,0.0,0.0,2.5308766,135.0001,09:00:00
2023-05-15,74.4503,45.674225,52.130302,75.29115,0.0,0.024751607,10.5424185,342.7184,20:00:00
2023-05-17,53.6603,89.04643,50.5103,53.354755,0.0,0.0,2.2481573,174.2895,10:00:00
2023-05-17,74.810295,43.219852,50.9603,75.32535,0.0,0.025559764,11.258579,339.04413,21:00:00
2023-05-18,51.0503,96.07409,49.9703,50.30947,0.0,0.0,2.5010421,349.69522,10:00:00
2023-05-18,73.6403,42.18133,49.250298,73.22983,0.0,0.025247509,12.51521,335.72556,21:00:00
2023-05-19,55.9103,80.14734,49.880302,55.103558,0.0,0.0,1.4323789,141.34016,09:00:00
2023-05-19,75.8903,41.552143,50.8703,75.00144,0.0,0.025884172,14.123249,330.5929,21:00:00
2023-05-20,69.41029,51.703316,50.8703,68.502655,0.0,0.022357175,14.348224,329.03632,20:00:00
2023-05-22,54.2003,90.56457,51.500298,53.458393,0.0,0.0,5.2031293,115.46331,10:00:00
2023-05-22,78.5003,36.985374,50.060303,79.47463,0.0,0.027474837,8.984278,341.1138,21:00:00
2023-05-23,54.110302,88.18058,50.6903,50.800575,0.0,0.000170453,13.108896,143.32556,10:00:00
2023-05-24,54.560303,82.224075,49.250298,51.208664,0.0,0.000452413,10.0041685,153.43501,10:00:00
2023-05-30,55.4603,79.84421,49.340298,53.48556,0.0,0.000123101,5.217536,149.03632,09:00:00
2023-06-01,51.4103,85.41,47.1803,48.2564,0.0,4.96e-05,9.333948,134.02907,10:00:00
2023-06-02,52.0403,84.871796,47.630302,49.004295,0.0,7.85e-05,9.660629,137.81563,10:00:00
2023-06-03,56.090298,69.103714,46.1003,54.500237,0.0,0.0,3.139779,85.91447,10:00:00
2023-06-04,61.760296,58.769688,47.1803,60.721073,0.0,0.0,2.237,90.0,09:00:00
2023-06-05,57.4403,76.86177,50.2403,56.933044,0.0,0.0,2.9166913,122.471176,09:00:00
2023-06-07,56.270298,79.109856,49.880302,55.22587,0.0,0.0,2.5010421,153.43501,10:00:00
2023-06-08,58.7003,75.70278,51.0503,57.17739,0.0,0.000344423,4.9416943,354.80566,10:00:00
2023-06-12,56.9003,76.55725,49.610302,53.256573,0.0,0.000980251,10.721277,156.64442,10:00:00
2023-06-13,58.250298,73.17411,49.7003,56.368935,0.0,0.000428538,6.085298,143.97253,10:00:00
2023-06-14,76.16029,43.861908,52.5803,75.61535,0.0,0.025548149,14.269535,350.98074,21:00:00
2023-06-15,57.4403,77.895195,50.6003,54.043858,0.0,0.000915508,13.608978,154.69865,09:00:00
2023-06-15,56.7203,80.74645,50.8703,52.901764,0.0,0.000849112,15.514526,151.58743,11:00:00
2023-06-16,56.9003,87.15758,53.1203,56.88021,0.0,0.0,4.112674,112.38018,11:00:00
2023-06-18,61.0403,65.365395,49.340298,60.541573,0.0,0.0,0.2237,270.0,10:00:00
2023-06-19,54.380302,71.55451,45.3803,50.796066,0.0,0.000728678,9.196219,288.43503,10:00:00
2023-06-20,53.570297,78.62311,47.090298,51.48479,0.0,0.0,4.3950076,284.74362,09:00:00
2023-06-21,52.4903,84.899284,48.0803,50.882706,0.0,0.0,1.0004169,153.43501,09:00:00
2023-06-28,73.3703,42.565838,49.250298,70.73507,0.0,0.024205329,17.073162,338.47733,22:00:00
2023-06-29,81.2903,36.20304,51.9503,82.96793,0.0,0.02867106,9.804596,332.8504,21:00:00
2023-06-30,58.5203,75.18335,50.6903,58.325726,0.0,0.0,1.6131237,146.3099,10:00:00
2023-07-01,61.310295,74.20783,53.0303,62.05842,0.0,0.0,3.2262473,146.3099,09:00:00
2023-07-02,65.6303,69.2358,55.2803,66.56268,0.0,0.0,3.8029,180.0,11:00:00
2023-07-03,64.91029,64.53679,52.6703,64.5646,0.0,0.000381273,2.916691,4.398633,10:00:00
2023-07-04,55.4603,92.73145,53.390297,55.73344,0.0,0.0,1.2654383,44.999897,10:00:00
2023-07-05,55.4603,87.371895,51.770298,55.500843,0.0,0.0,1.1185,36.86999,10:00:00
2023-07-11,57.1703,76.070206,49.7003,56.925217,0.0,0.0,1.5817978,98.13002,10:00:00
2023-07-12,58.1603,72.19028,49.250298,56.793728,0.0,8.83e-05,2.829606,18.435053,11:00:00
2023-07-13,59.7803,78.09211,52.9403,60.29989,0.0,0.0,1.1185,53.13002,11:00:00
2023-07-13,82.0103,36.075836,52.4903,81.97858,0.0,0.028406894,13.514888,331.31393,20:00:00
2023-07-13,85.16029,32.056973,52.0403,83.36009,0.0,0.02967183,16.765566,328.64297,22:00:00
2023-07-14,57.5303,86.33329,53.4803,57.6661,0.0,0.0,4.124824,347.4712,10:00:00
2023-07-15,57.3503,90.09398,54.4703,58.362995,0.0,0.0,1.5817978,135.0001,10:00:00
2023-07-16,63.1103,76.35078,55.5503,63.982048,0.0,0.0,0.4474,90.0,10:00:00
2023-07-18,64.7303,65.158066,52.7603,65.006805,0.0,0.0,1.803527,60.255207,11:00:00
2023-07-20,57.1703,86.31346,53.1203,57.56977,0.0,0.0,1.1185,36.86999,10:00:00
2023-07-21,59.3303,71.82837,50.2403,59.216473,0.0,0.0,1.2046614,111.801476,10:00:00
2023-07-22,64.91029,44.19526,42.5903,62.763973,0.0,0.0,0.9223387,104.03627,09:00:00
2023-07-24,61.8503,70.203186,52.0403,62.007904,0.0,0.0,0.4474,90.0,10:00:00
2023-07-25,59.960304,81.25437,54.2003,60.800835,0.0,0.0,1.360714,350.53775,10:00:00
2023-07-26,62.4803,75.79669,54.7403,63.040005,0.0,0.0,2.2813013,348.6901,10:00:00
2023-07-27,60.0503,83.41995,55.0103,60.18923,0.0,0.0,4.2029414,334.79892,10:00:00
2023-07-28,59.6903,70.20439,49.9703,58.43901,0.0,0.000219623,3.1077397,329.74365,09:00:00
2023-07-29,58.7003,76.71697,51.4103,58.249474,0.0,0.0,1.2046614,291.80148,11:00:00
2023-07-30,58.340298,75.16657,50.5103,57.37806,0.0,0.0,2.8647578,308.65982,10:00:00
2023-07-31,59.960304,74.07818,51.6803,59.551025,0.0,0.0,3.3255396,340.3461,10:00:00
2023-08-03,57.4403,83.800896,52.5803,57.75576,0.0,0.0,1.5659,90.0,11:00:00
2023-08-03,75.530304,43.764816,51.9503,74.41507,0.0,0.024871219,14.555978,316.24527,22:00:00
2023-08-04,56.090298,94.28592,54.4703,56.918026,0.003937008,0.0,1.5006253,153.43501,10:00:00
2023-08-05,59.6903,81.50216,54.020298,60.36988,0.0,0.0,1.2046614,68.19853,10:00:00
2023-08-06,61.760296,75.23503,53.840298,61.886612,0.0,0.0,1.2046614,338.19852,10:00:00
2023-08-07,67.16029,58.324715,52.0403,66.294334,0.0,0.000945665,2.721428,9.462248,09:00:00
2023-08-09,63.1103,72.93025,54.2903,63.125473,0.0,0.00020187,4.3029556,152.10283,10:00:00
2023-08-10,60.140297,81.80242,54.560303,61.477215,0.0,0.0,1.360714,99.46225,10:00:00
2023-08-14,61.310295,81.08724,55.4603,62.702755,0.0,0.0,0.63271916,135.0001,11:00:00
2023-08-15,88.6703,34.227417,56.9003,88.96621,0.0,0.028528957,14.128563,336.68225,22:00:00
2023-08-16,57.6203,98.07501,57.0803,59.28673,0.0,0.0,0.63271916,315.0001,10:00:00
2023-08-17,58.5203,99.67814,58.4303,61.10371,0.0,0.0,0.8065618,236.3099,10:00:00
2023-08-18,61.5803,92.02336,59.2403,63.395714,0.0,0.0,2.7306066,325.0079,09:00:00
2023-08-19,59.6903,90.48191,56.9003,61.391197,0.0,0.0,1.2046614,338.19852,11:00:00
2023-08-21,71.1203,57.526882,55.3703,71.34235,0.0,0.001043267,7.1338906,131.18582,10:00:00
2023-08-22,65.810295,85.40859,61.310295,68.67337,0.0,0.0,2.5010421,280.30478,10:00:00
2023-08-23,64.3703,86.98009,60.410297,67.3927,0.0,0.0,3.5370073,235.30478,09:00:00
2023-08-27,58.5203,87.24146,54.7403,59.539345,0.0,0.0,1.5817978,44.999897,10:00:00
2023-08-28,61.2203,76.68541,53.840298,61.696228,0.0,0.0,1.2046614,158.19853,10:00:00
2023-08-29,59.1503,76.24882,51.6803,59.373096,0.0,0.0,1.0004169,153.43501,11:00:00
2023-08-30,61.2203,62.38132,48.2603,59.49458,0.0,0.000491084,6.2675934,235.17543,11:00:00
2023-08-31,67.4303,54.789585,50.6003,66.86754,0.0,0.00025641,2.4196854,56.3099,10:00:00
2023-09-01,63.2903,77.36902,56.090298,63.80944,0.0,0.00010901,4.740118,160.70985,10:00:00
2023-09-01,63.2903,77.36902,56.090298,63.80944,0.0,0.00010901,4.740118,160.70985,10:00:00
2023-09-02,62.3003,80.63321,56.270298,63.46734,0.0,0.0,2.7029774,114.44395,10:00:00
2023-09-05,59.8703,84.23127,55.1003,60.794044,0.0,0.0,0.9223387,14.036275,10:00:00
2023-09-05,84.2603,33.547256,52.4903,81.76765,0.0,0.02614562,15.409343,332.31903,22:00:00
2023-09-06,60.0503,80.72896,54.110302,60.388924,0.0,0.0,3.1793742,129.28938,10:00:00
2023-09-08,60.140297,76.590164,52.7603,60.60343,0.0,0.0,0.9223387,75.96373,09:00:00
2023-09-09,58.610302,77.73546,51.6803,58.075504,0.0,0.0,1.8446774,14.036275,11:00:00
2023-09-10,58.340298,82.75993,53.1203,58.36155,0.0,0.0,4.0016675,333.43503,10:00:00
2023-09-11,60.6803,64.66638,48.7103,60.007534,0.0,0.0,1.4323789,51.34017,10:00:00
2023-09-12,58.880302,90.745285,56.1803,60.484203,0.0,0.0,1.304384,30.963696,10:00:00
2023-09-13,59.8703,84.23127,55.1003,60.340168,0.0,0.0,5.9058495,127.30403,10:00:00
2023-09-18,62.210297,80.10293,56.000298,63.65616,0.0,0.0,0.7074015,108.43504,10:00:00
2023-09-19,59.8703,87.31076,56.090298,59.963993,0.0,0.0,6.843904,348.6901,09:00:00
2023-09-19,58.340298,90.1342,55.4603,59.143574,0.0,0.0,3.139779,355.91446,11:00:00
2023-09-20,58.5203,88.681046,55.1903,58.636,0.0,0.0,6.1710396,136.46873,11:00:00
2023-09-21,56.630302,84.027054,51.860302,54.41468,0.0,0.000268432,10.821161,150.2552,10:00:00
2023-09-22,57.710304,87.48674,54.020298,56.752964,0.0,0.0,9.204379,154.05775,10:00:00
2023-09-22,57.710304,87.48674,54.020298,56.752964,0.0,0.0,9.204379,154.05775,10:00:00
2023-09-23,55.5503,93.96336,53.840298,55.8759,0.0,0.0,0.2237,360.0,10:00:00
2023-09-24,55.2803,92.11607,53.0303,55.66765,0.0,0.0,2.608768,329.03632,09:00:00
2023-09-27,57.5303,84.64153,52.9403,57.244675,0.0,0.0,2.1103816,237.99466,10:00:00
2023-09-28,54.7403,95.19036,53.390297,54.549843,0.0,0.0,3.3028908,151.69934,10:00:00
2023-09-29,58.1603,83.02135,53.0303,58.799362,0.0,0.0,1.2046614,68.19853,10:00:00
2023-10-02,56.360302,79.11712,49.9703,54.822445,0.0,4.79e-05,5.605906,118.61037,10:00:00
2023-10-03,59.7803,56.91971,44.4803,57.1736,0.0,0.000576954,4.6116934,129.09386,10:00:00
2023-10-04,63.2003,58.766598,48.5303,62.55123,0.0,0.0,2.9081001,247.3801,10:00:00
2023-10-04,86.240295,27.927,49.250298,86.84419,0.0,0.021693481,3.8029,331.9276,21:00:00
2023-10-07,71.9303,43.498676,48.5303,70.46777,0.0,0.001065089,3.8094738,176.6336,10:00:00
2023-10-08,62.3003,79.07202,55.7303,63.120945,0.0,0.0,1.8446774,345.9637,10:00:00
2023-10-12,56.360302,80.45033,50.4203,55.52363,0.0,0.0,4.740118,250.70985,10:00:00
2023-10-13,57.3503,73.08436,48.8003,56.653927,0.0,0.0,2.4093227,338.19852,10:00:00
2023-10-14,53.1203,85.510796,48.890297,51.502304,0.0,0.0,3.3028908,118.30067,10:00:00
2023-10-15,57.710304,99.35492,57.5303,59.50494,0.0,0.0,2.1103816,237.99466,10:00:00
2023-10-16,56.630302,99.351906,56.4503,57.557545,0.0,0.0,5.6326222,353.15732,09:00:00
2023-10-16,55.820297,99.67436,55.7303,55.432922,0.0,0.0,8.408858,331.38962,11:00:00
2023-10-17,61.4903,97.79398,60.8603,63.43097,0.0,0.0,4.7453933,278.13,11:00:00
2023-10-18,56.5403,96.79516,55.640297,56.9831,0.0,0.0,4.9416943,174.80566,10:00:00
2023-10-19,68.780304,59.513714,54.110302,69.39237,0.0,5.66e-05,2.916691,175.60138,10:00:00
2023-10-20,61.4903,79.00711,54.9203,61.70469,0.0,0.0,3.414632,31.607454,10:00:00
2023-10-21,58.250298,84.685585,53.6603,59.255005,0.0,0.0,1.6131237,56.309914,09:00:00
2023-10-21,74.1803,43.847652,50.7803,72.26437,0.0,0.017161125,8.503543,333.43503,21:00:00
2023-10-24,54.2003,93.30914,52.310303,53.601776,0.0,0.0,6.1710396,136.46873,10:00:00
2023-10-25,56.090298,80.969055,50.3303,55.358536,0.0,0.0,1.7896,360.0,10:00:00
2023-10-26,56.5403,88.29748,53.1203,56.533947,0.0,0.0,6.023307,338.19852,09:00:00
2023-10-28,49.9703,81.33753,44.4803,47.688488,0.0,0.0,2.4093227,111.801476,10:00:00
2023-10-29,46.5503,73.51204,38.5403,42.136845,0.0,0.000240479,7.9437127,302.3474,10:00:00
2023-10-30,47.1803,38.048153,22.880299,39.82574,0.0,0.001981208,4.0821414,189.46225,10:00:00
2023-10-31,50.9603,48.55512,32.2403,45.47068,0.0,0.001160316,4.9214,180.0,10:00:00
2023-11-02,59.960304,36.708374,33.4103,55.88704,0.0,0.000151416,1.1185,233.13002,11:00:00
2023-11-03,57.2603,74.81412,49.340298,55.969063,0.0,0.0,4.112674,202.38017,10:00:00
2023-11-04,56.630302,90.65904,53.9303,57.38362,0.0,0.0,1.803527,7.12493,10:00:00
2023-11-06,64.1903,83.15071,58.9703,64.98067,0.0,0.000216783,7.599218,137.38599,09:00:00
2023-11-08,66.530304,31.429432,35.3003,60.09349,0.0,0.01578597,10.860399,327.61935,20:00:00
2023-11-08,68.4203,30.842869,36.4703,61.26064,0.0,0.01478405,11.388945,315.0001,22:00:00
2023-11-09,44.750298,64.47438,33.5003,38.279453,0.0,0.00106846,7.1618943,165.52966,10:00:00
2023-11-09,65.810295,33.751087,36.4703,60.550583,0.0,0.012865063,6.23156,291.03757,21:00:00
2023-11-10,47.9003,66.9747,37.4603,43.529583,0.0,0.000334795,1.6285605,164.05453,10:00:00
2023-11-12,49.070297,68.30444,39.0803,44.963444,0.0,0.000332158,2.5505724,164.74483,11:00:00
2023-11-12,74.6303,28.873283,40.1603,71.990326,0.0,0.014310916,2.7670162,104.03627,20:00:00
2023-11-13,50.4203,80.2642,44.5703,48.134655,0.0,0.0,1.3422,90.0,10:00:00
2023-11-13,70.310295,43.24602,46.9103,67.58376,0.0,0.01189174,5.4105806,209.7448,22:00:00
2023-11-14,51.320297,77.10327,44.3903,46.874744,0.0,0.000639836,14.436884,130.60121,10:00:00
2023-11-15,55.1003,62.445877,42.500298,51.76742,0.0,0.000560553,4.1790605,105.52418,10:00:00
2023-11-19,51.500298,80.62248,45.7403,47.104317,0.0,0.000532814,15.666987,313.26434,10:00:00
2023-11-20,46.820297,77.50905,40.1603,41.105515,0.0,0.000640185,12.83695,318.53238,10:00:00
2023-11-21,48.6203,53.93837,32.6903,44.14292,0.0,0.000141327,1.0004169,243.43501,10:00:00
2023-11-22,54.560303,72.063225,45.7403,53.065804,0.0,0.0,0.2237,360.0,09:00:00
2023-11-24,49.4303,76.93522,42.500298,46.719364,0.0,0.0,6.6435504,315.0001,10:00:00
2023-11-25,37.8203,67.709984,28.1003,31.677242,0.0,0.000351646,4.1065865,209.35765,10:00:00
2023-11-26,38.9003,75.69119,31.8803,33.144173,0.0,0.000187234,2.7029774,155.55606,10:00:00
2023-11-30,47.4503,78.9262,41.2403,43.867912,0.0,0.0,2.2481573,174.2895,10:00:00
2023-12-01,47.360302,80.58129,41.6903,44.031593,0.0,0.0,8.998192,325.1246,10:00:00
2023-12-02,62.1203,66.819145,50.9603,61.706947,0.0,0.008509112,1.803527,352.87506,21:00:00
2023-12-05,50.060303,99.66607,49.9703,49.31946,0.0,0.0,4.0328093,250.55988,10:00:00
2023-12-06,51.6803,77.39955,44.8403,49.617737,0.0,0.0,3.8616607,349.99207,10:00:00
2023-12-08,56.5403,60.93095,43.2203,50.674,0.0,0.009650696,11.858211,324.21094,21:00:00
2023-12-10,45.4703,45.771496,25.7603,39.647583,0.0,0.000634283,3.8094735,220.23628,10:00:00
2023-12-11,45.2903,70.82691,36.3803,41.592342,0.0,0.0,3.5861838,266.42374,10:00:00
2023-12-12,59.2403,68.29654,48.8003,55.944866,0.0,0.009497773,8.2769,288.92474,21:00:00
2023-12-13,52.310303,86.62326,48.4403,51.35482,0.0,0.008041791,1.6131237,303.6901,21:00:00
2023-12-23,45.6503,100.0,45.6503,43.36945,0.0,0.0,1.5006253,116.56499,10:00:00
2023-12-24,42.680298,82.809685,37.8203,37.939423,0.0,0.0,5.188683,172.56868,09:00:00
2023-12-28,55.7303,84.81244,51.2303,52.837452,0.0,0.000341905,15.350775,136.77144,10:00:00
